user_id,name,age,gender,city,state,plan_id,signup_date,preferred_language,is_active
U00001,Anvi Konda,53,Female,Hyderabad,Telangana,P1,2025-02-04,Hindi,True
U00002,Gagan Sami,43,Other,Hyderabad,Telangana,P2,2023-06-07,Hindi,True
U00003,Tejas Kaul,29,Male,Mumbai,Maharashtra,P1,2022-08-31,Telugu,True
U00004,Rushil Saini,57,Other,Pune,Maharashtra,P2,2024-07-23,Telugu,True
U00005,Abeer Dutta,22,Male,Guwahati,Assam,P1,2023-06-03,Bengali,True
U00006,Arunima Dugal,35,Male,Patna,Bihar,P1,2025-04-30,Hindi,True
U00007,Harsh Chanda,53,Male,Hyderabad,Telangana,P1,2023-05-26,English,True
U00008,Hemangini Lalla,33,Other,Jaipur,Rajasthan,P3,2024-01-22,Telugu,True
U00009,Jeet Radhakrishnan,37,Female,Bhopal,Madhya Pradesh,P1,2025-10-07,Malayalam,True
U00010,Janaki Handa,25,Other,Chandigarh,Punjab,P2,2022-11-08,Hindi,True
U00011,Vedant Mann,25,Male,Lucknow,Uttar Pradesh,P4,2025-05-10,Malayalam,True
U00012,Harrison Rai,38,Female,Surat,Gujarat,P2,2026-06-24,Hindi,True
U00013,Nicholas Prabhakar,50,Other,Jaipur,Rajasthan,P2,2023-08-26,Tamil,True
U00014,Ekbal Garg,54,Male,Kolkata,West Bengal,P2,2023-12-17,Hindi,True
U00015,Nihal Shere,38,Female,Coimbatore,Tamil Nadu,P1,2024-09-03,Malayalam,True
U00016,Ekta Bhalla,17,Female,Ahmedabad,Gujarat,P3,2024-01-21,English,True
U00017,Diya Rattan,36,Female,Guwahati,Assam,P3,2023-06-15,Hindi,True
U00018,Divya Kala,16,Male,Surat,Gujarat,P1,2023-08-11,Hindi,True
U00019,Tara Dhar,38,Female,Jaipur,Rajasthan,P2,2025-02-27,Kannada,True
U00020,Adya Sangha,58,Male,Ahmedabad,Gujarat,P4,2023-08-06,Telugu,True
U00021,Janaki Kanda,44,Male,Delhi,Delhi,P3,2026-02-16,Tamil,True
U00022,Yashodhara Tak,52,Female,Patna,Bihar,P2,2026-07-12,English,False
U00023,Imaran Dua,16,Other,Indore,Madhya Pradesh,P1,2022-11-25,Malayalam,True
U00024,Devansh Rajan,35,Other,Hyderabad,Telangana,P2,2025-01-17,Bengali,True
U00025,Zayan Apte,47,Female,Kochi,Kerala,P1,2024-01-24,Hindi,True
U00026,Amara Oak,26,Male,Jaipur,Rajasthan,P4,2025-04-04,Telugu,True
U00027,Nakul Setty,36,Other,Lucknow,Uttar Pradesh,P3,2022-12-25,Tamil,True
U00028,Xiti Gokhale,58,Other,Kolkata,West Bengal,P2,2022-07-20,Kannada,True
U00029,Chanchal Tripathi,39,Female,Nagpur,Maharashtra,P1,2024-07-26,Kannada,False
U00030,Kashvi Edwin,63,Male,Lucknow,Uttar Pradesh,P1,2024-12-21,Kannada,False
U00031,Ekiya Suresh,41,Male,Bengaluru,Karnataka,P2,2024-09-11,Punjabi,True
U00032,Damyanti Khatri,56,Female,Chennai,Tamil Nadu,P1,2022-08-13,Marathi,True
U00033,Frederick Sunder,42,Female,Indore,Madhya Pradesh,P3,2022-10-08,Punjabi,False
U00034,Kabir Soman,30,Female,Pune,Maharashtra,P2,2025-10-20,Gujarati,True
U00035,Alka Wable,29,Female,Surat,Gujarat,P3,2026-04-29,Hindi,True
U00036,Siddharth Zacharia,61,Other,Kochi,Kerala,P1,2026-01-10,Hindi,True
U00037,Devika Rastogi,58,Male,Bengaluru,Karnataka,P2,2025-07-23,Hindi,False
U00038,Raksha Varughese,17,Male,Kochi,Kerala,P1,2026-07-08,English,True
U00039,Umang Bhatt,51,Other,Coimbatore,Tamil Nadu,P1,2024-05-05,Tamil,True
U00040,Thomas Amble,21,Male,Nagpur,Maharashtra,P3,2023-11-21,Hindi,True
U00041,Veer Bir,35,Female,Chandigarh,Punjab,P2,2022-10-27,Malayalam,True
U00042,Ekavir Varkey,23,Other,Hyderabad,Telangana,P1,2026-02-27,English,False
U00043,Tanish Zacharia,53,Other,Ahmedabad,Gujarat,P1,2023-06-28,English,True
U00044,Xavier Solanki,32,Male,Jaipur,Rajasthan,P2,2023-01-25,English,False
U00045,Girindra Chatterjee,18,Other,Coimbatore,Tamil Nadu,P1,2025-10-07,Gujarati,False
U00046,Pallavi Roy,39,Male,Bengaluru,Karnataka,P4,2025-03-04,Hindi,True
U00047,Guneet Bhat,28,Male,Pune,Maharashtra,P3,2024-05-28,Hindi,True
U00048,Ikbal Kothari,64,Female,Bhopal,Madhya Pradesh,P1,2024-02-24,English,True
U00049,Logan Sami,23,Female,Coimbatore,Tamil Nadu,P2,2023-04-21,Hindi,True
U00050,Zaid Borra,40,Other,Delhi,Delhi,P2,2023-04-10,Hindi,True
U00051,Chandresh Zachariah,16,Other,Delhi,Delhi,P2,2024-04-23,Kannada,True
U00052,Warjas Ganesan,34,Male,Delhi,Delhi,P4,2025-11-18,Malayalam,True
U00053,Tanay Rattan,42,Male,Bengaluru,Karnataka,P2,2024-02-29,English,False
U00054,Ladli Agate,61,Other,Guwahati,Assam,P1,2026-02-23,Hindi,True
U00055,Suhani Mangal,21,Female,Guwahati,Assam,P2,2026-06-24,Marathi,True
U00056,Mohammed Gupta,58,Female,Kochi,Kerala,P1,2024-03-25,Hindi,True
U00057,Darsh Murthy,22,Male,Surat,Gujarat,P1,2023-09-22,Hindi,True
U00058,Yadavi Wali,61,Male,Guwahati,Assam,P4,2022-10-07,Telugu,True
U00059,Quincy Biswas,49,Male,Chennai,Tamil Nadu,P4,2023-03-03,Kannada,True
U00060,Netra Dar,28,Other,Kolkata,West Bengal,P2,2024-12-01,Bengali,True
U00061,Balveer Bumb,31,Other,Indore,Madhya Pradesh,P1,2026-04-21,English,True
U00062,Advika Jayaraman,50,Male,Chennai,Tamil Nadu,P1,2024-03-19,Bengali,True
U00063,William Lanka,64,Other,Lucknow,Uttar Pradesh,P2,2025-03-20,English,True
U00064,Tanvi Mutti,54,Female,Jaipur,Rajasthan,P2,2024-02-14,Kannada,False
U00065,Aditya Shanker,18,Female,Bengaluru,Karnataka,P2,2026-04-03,Hindi,True
U00066,Ethan Yogi,16,Female,Chennai,Tamil Nadu,P2,2025-01-08,Hindi,True
U00067,Kevin Palla,20,Male,Patna,Bihar,P2,2023-05-23,Hindi,False
U00068,Kala Mane,56,Female,Chennai,Tamil Nadu,P2,2026-01-22,Tamil,True
U00069,Abhiram Mistry,18,Female,Chennai,Tamil Nadu,P1,2023-03-03,Kannada,True
U00070,Krish Lalla,43,Male,Delhi,Delhi,P3,2026-04-07,Bengali,True
U00071,Nachiket Magar,32,Female,Chandigarh,Punjab,P3,2022-12-31,Punjabi,True
U00072,Hemal Jani,40,Male,Ahmedabad,Gujarat,P3,2023-08-31,Kannada,True
U00073,Yashasvi Suresh,58,Female,Kochi,Kerala,P3,2025-04-15,Bengali,False
U00074,George Sampath,48,Other,Ahmedabad,Gujarat,P1,2023-07-17,Hindi,False
U00075,Aarush Nath,24,Female,Nagpur,Maharashtra,P1,2025-11-08,English,False
U00076,Neel Sathe,50,Other,Ahmedabad,Gujarat,P1,2025-08-15,Hindi,True
U00077,Aditya Choudhury,28,Female,Bengaluru,Karnataka,P4,2024-09-29,English,True
U00078,Balendra Pingle,45,Male,Coimbatore,Tamil Nadu,P1,2022-11-02,Hindi,False
U00079,Qushi Datta,62,Female,Kolkata,West Bengal,P2,2024-11-13,Hindi,True
U00080,Balveer Parmar,29,Female,Chandigarh,Punjab,P2,2022-09-15,English,False
U00081,Harshil Pandya,22,Other,Hyderabad,Telangana,P2,2023-05-18,Hindi,True
U00082,Mohammed Khalsa,28,Other,Patna,Bihar,P1,2025-08-28,Bengali,False
U00083,Nitara Bakshi,37,Male,Pune,Maharashtra,P2,2025-12-30,Marathi,False
U00084,Nisha Kothari,54,Male,Bhubaneswar,Odisha,P1,2023-04-04,Bengali,True
U00085,Lavanya Barad,35,Female,Lucknow,Uttar Pradesh,P2,2023-08-09,English,True
U00086,Ryan Sharma,30,Other,Chennai,Tamil Nadu,P1,2025-12-21,Marathi,True
U00087,Udant Bajwa,59,Female,Kolkata,West Bengal,P2,2023-12-08,English,False
U00088,Falguni Mallick,32,Female,Lucknow,Uttar Pradesh,P1,2025-03-06,Bengali,True
U00089,Indali Upadhyay,61,Female,Kochi,Kerala,P2,2025-12-29,Bengali,True
U00090,Ayaan D’Alia,38,Female,Kolkata,West Bengal,P2,2024-02-19,Telugu,True
U00091,Pranav Lanka,40,Male,Kochi,Kerala,P1,2026-01-17,Bengali,True
U00092,Hemani Murthy,39,Male,Pune,Maharashtra,P1,2022-09-09,Hindi,True
U00093,Lekha Gupta,59,Other,Bengaluru,Karnataka,P2,2024-04-13,Tamil,True
U00094,Aarav Venkatesh,55,Male,Bhopal,Madhya Pradesh,P2,2023-07-23,Hindi,True
U00095,Januja Sankar,43,Male,Hyderabad,Telangana,P3,2026-03-29,Hindi,False
U00096,Dipta Dash,29,Other,Indore,Madhya Pradesh,P2,2022-10-26,Hindi,False
U00097,Yashica More,59,Female,Surat,Gujarat,P1,2025-06-01,Bengali,False
U00098,Neha Merchant,15,Female,Bhubaneswar,Odisha,P1,2025-03-16,Tamil,True
U00099,Osha Raghavan,39,Other,Indore,Madhya Pradesh,P2,2024-10-02,English,True
U00100,Charvi Ravi,21,Male,Nagpur,Maharashtra,P2,2025-03-31,Malayalam,True
U00101,Daksha Mangat,23,Male,Indore,Madhya Pradesh,P2,2024-09-23,English,True
U00102,Udyati Sathe,38,Female,Lucknow,Uttar Pradesh,P1,2023-05-19,English,True
U00103,Yasti Solanki,15,Female,Chennai,Tamil Nadu,P1,2024-04-21,Bengali,True
U00104,Frado Mander,58,Female,Bengaluru,Karnataka,P2,2025-09-17,Telugu,True
U00105,Girik Keer,22,Female,Pune,Maharashtra,P3,2024-08-07,Kannada,True
U00106,Rushil Din,38,Other,Mumbai,Maharashtra,P3,2025-03-24,English,True
U00107,Vaishnavi Bora,25,Female,Chandigarh,Punjab,P1,2022-08-20,Malayalam,False
U00108,Leena Talwar,31,Other,Patna,Bihar,P2,2024-05-11,Telugu,True
U00109,Abdul Chhabra,22,Female,Ahmedabad,Gujarat,P2,2024-02-19,English,True
U00110,Patrick Vasa,49,Female,Kochi,Kerala,P2,2025-08-26,Bengali,False
U00111,Jairaj Shan,49,Other,Chennai,Tamil Nadu,P4,2024-05-24,Hindi,True
U00112,Edhitha Savant,47,Male,Guwahati,Assam,P2,2023-01-26,Tamil,True
U00113,Sanaya Dutt,19,Female,Surat,Gujarat,P1,2024-12-27,English,True
U00114,Shivani Lad,56,Female,Kochi,Kerala,P1,2025-07-06,English,False
U00115,Vedhika Khare,53,Male,Patna,Bihar,P1,2025-07-18,Telugu,True
U00116,Bhavika Keer,55,Female,Delhi,Delhi,P4,2023-08-21,Hindi,True
U00117,Faris Devi,42,Male,Delhi,Delhi,P3,2023-08-16,Hindi,True
U00118,Michael Kala,21,Female,Chennai,Tamil Nadu,P1,2023-02-21,Bengali,True
U00119,Ganga Shukla,23,Female,Pune,Maharashtra,P2,2022-10-17,Bengali,True
U00120,Osha Ramachandran,22,Other,Bhubaneswar,Odisha,P4,2024-03-14,Hindi,True
U00121,Lajita Sood,26,Male,Lucknow,Uttar Pradesh,P1,2026-02-26,Marathi,True
U00122,Chanchal Ramakrishnan,48,Other,Bhopal,Madhya Pradesh,P2,2022-07-24,Hindi,True
U00123,Thomas Sura,47,Female,Ahmedabad,Gujarat,P1,2025-12-13,Malayalam,True
U00124,Vedika Balakrishnan,62,Other,Hyderabad,Telangana,P3,2023-06-01,Bengali,True
U00125,Noah Sibal,37,Male,Patna,Bihar,P2,2024-02-04,Telugu,True
U00126,Meera Bala,38,Male,Patna,Bihar,P3,2026-03-20,English,True
U00127,Krishna Shenoy,51,Female,Surat,Gujarat,P2,2022-11-15,Hindi,True
U00128,Ladli Narang,49,Other,Jaipur,Rajasthan,P2,2023-04-07,Bengali,True
U00129,Geetika Raghavan,58,Male,Guwahati,Assam,P1,2023-05-21,Malayalam,True
U00130,Zayyan Bumb,54,Female,Surat,Gujarat,P1,2023-08-26,Telugu,True
U00131,Inaya Kapur,36,Female,Kochi,Kerala,P1,2024-06-02,Hindi,True
U00132,Azaan Kota,41,Other,Jaipur,Rajasthan,P1,2025-02-19,Bengali,True
U00133,Michael Khare,49,Male,Mumbai,Maharashtra,P2,2023-05-03,Hindi,True
U00134,Tejas Shroff,15,Male,Nagpur,Maharashtra,P2,2023-01-16,Bengali,True
U00135,Oliver Contractor,49,Male,Nagpur,Maharashtra,P2,2025-05-02,Hindi,True
U00136,Deepa Chokshi,51,Other,Ahmedabad,Gujarat,P1,2025-08-25,English,True
U00137,Keya Ranganathan,61,Other,Chandigarh,Punjab,P2,2024-11-07,Telugu,True
U00138,Faqid Kibe,28,Female,Surat,Gujarat,P1,2026-04-21,Hindi,True
U00139,Jai Barman,17,Other,Kochi,Kerala,P1,2022-12-11,Marathi,True
U00140,Kamala Biswas,15,Female,Pune,Maharashtra,P1,2023-12-05,English,True
U00141,Advik Salvi,19,Male,Indore,Madhya Pradesh,P2,2024-07-24,Malayalam,True
U00142,Rachita Pathak,40,Male,Chandigarh,Punjab,P1,2025-10-29,Bengali,True
U00143,Michael Saran,28,Other,Delhi,Delhi,P4,2025-01-29,English,False
U00144,Veda Shroff,53,Male,Nagpur,Maharashtra,P1,2023-03-30,Tamil,True
U00145,Ekantika Korpal,41,Male,Surat,Gujarat,P1,2024-04-12,English,False
U00146,Arya Seshadri,23,Female,Hyderabad,Telangana,P3,2025-11-10,Telugu,True
U00147,Ladli Nayar,29,Other,Delhi,Delhi,P1,2023-07-07,Marathi,True
U00148,Qabil Sura,29,Female,Ahmedabad,Gujarat,P1,2022-08-26,Tamil,True
U00149,Harini Mammen,40,Female,Ahmedabad,Gujarat,P3,2023-05-21,Telugu,True
U00150,Advaith Varughese,56,Female,Guwahati,Assam,P4,2026-01-22,Telugu,True
U00151,Wyatt Ray,27,Male,Hyderabad,Telangana,P4,2026-05-01,Tamil,True
U00152,Vamakshi Swaminathan,46,Male,Bengaluru,Karnataka,P1,2024-06-28,Telugu,True
U00153,Girik Menon,53,Other,Patna,Bihar,P2,2024-04-30,Telugu,True
U00154,Damini Pillay,63,Other,Lucknow,Uttar Pradesh,P2,2023-06-04,Malayalam,True
U00155,Pavani Narayanan,46,Other,Ahmedabad,Gujarat,P4,2024-06-06,Tamil,True
U00156,Anika Mohan,18,Other,Pune,Maharashtra,P2,2023-12-11,Hindi,True
U00157,Reyansh Mutti,44,Male,Jaipur,Rajasthan,P3,2023-07-18,Hindi,True
U00158,Rehaan Kalita,51,Other,Bhubaneswar,Odisha,P2,2023-01-06,Marathi,True
U00159,Barkha Chaudhry,37,Other,Surat,Gujarat,P2,2025-06-29,English,True
U00160,Utkarsh Patel,53,Male,Coimbatore,Tamil Nadu,P2,2025-11-13,Tamil,False
U00161,Jonathan Mahal,59,Male,Kochi,Kerala,P2,2023-04-04,Hindi,False
U00162,Brinda Date,29,Male,Guwahati,Assam,P2,2022-09-20,Gujarati,True
U00163,Harshil Arora,57,Male,Jaipur,Rajasthan,P2,2025-02-01,Telugu,True
U00164,Varenya Sastry,43,Other,Jaipur,Rajasthan,P1,2024-10-31,English,True
U00165,Zayyan Sridhar,50,Female,Bengaluru,Karnataka,P2,2023-11-25,English,True
U00166,Nandini Swamy,27,Other,Kolkata,West Bengal,P1,2022-12-29,Telugu,True
U00167,Max Dixit,46,Other,Bhopal,Madhya Pradesh,P3,2022-11-01,Hindi,True
U00168,Frederick Kothari,21,Female,Jaipur,Rajasthan,P1,2025-10-13,Malayalam,False
U00169,Upkaar Virk,36,Other,Mumbai,Maharashtra,P2,2023-01-05,Telugu,True
U00170,Chameli Sanghvi,42,Female,Indore,Madhya Pradesh,P2,2024-01-22,Tamil,True
U00171,Hardik Johal,16,Male,Pune,Maharashtra,P1,2023-10-05,Marathi,True
U00172,Finn Dugar,56,Other,Nagpur,Maharashtra,P1,2025-01-14,Tamil,True
U00173,Naksh Agate,59,Male,Kolkata,West Bengal,P1,2023-07-01,Telugu,True
U00174,Bishakha Bali,20,Male,Hyderabad,Telangana,P2,2024-03-03,Tamil,True
U00175,Sudiksha Bobal,42,Female,Lucknow,Uttar Pradesh,P2,2023-06-19,English,True
U00176,Rudra Sandal,42,Other,Nagpur,Maharashtra,P1,2025-04-15,Hindi,True
U00177,Manthan Lata,58,Male,Bhubaneswar,Odisha,P2,2022-12-30,Malayalam,True
U00178,Darpan Gandhi,58,Other,Patna,Bihar,P1,2025-11-04,English,True
U00179,Reva Dash,34,Other,Lucknow,Uttar Pradesh,P3,2025-09-16,Gujarati,True
U00180,Neha Magar,44,Female,Chennai,Tamil Nadu,P2,2024-05-30,English,True
U00181,Raksha Buch,25,Female,Coimbatore,Tamil Nadu,P2,2024-07-16,Malayalam,False
U00182,Ekantika Krishna,42,Male,Ahmedabad,Gujarat,P2,2024-12-05,Malayalam,True
U00183,Ansh Luthra,39,Other,Kochi,Kerala,P2,2022-08-22,Kannada,True
U00184,Upma Venkataraman,53,Male,Chennai,Tamil Nadu,P2,2024-11-03,Hindi,False
U00185,Pratyush Sarin,47,Female,Kochi,Kerala,P3,2025-02-21,Hindi,False
U00186,Gavin Singhal,15,Female,Mumbai,Maharashtra,P2,2025-01-28,Kannada,False
U00187,Ekani Cheema,41,Female,Bengaluru,Karnataka,P2,2023-12-06,English,True
U00188,Nisha Tandon,27,Other,Bengaluru,Karnataka,P3,2025-12-20,Malayalam,True
U00189,Balhaar Sha,55,Female,Kochi,Kerala,P2,2023-09-10,Kannada,True
U00190,Ekiya D’Alia,17,Other,Bengaluru,Karnataka,P1,2022-11-21,Marathi,False
U00191,Yoshita Agarwal,53,Male,Bengaluru,Karnataka,P2,2026-06-02,Bengali,True
U00192,Odika Bhagat,20,Other,Hyderabad,Telangana,P2,2025-03-02,English,True
U00193,Wishi Sathe,22,Female,Kochi,Kerala,P3,2023-04-16,English,True
U00194,Amara Deep,41,Other,Ahmedabad,Gujarat,P2,2025-07-30,Bengali,True
U00195,Vedhika Dara,23,Female,Kolkata,West Bengal,P1,2026-04-01,Tamil,True
U00196,Nathan Mukhopadhyay,51,Female,Guwahati,Assam,P1,2022-08-27,Tamil,True
U00197,Girik Kar,47,Female,Mumbai,Maharashtra,P3,2024-09-27,Kannada,True
U00198,Triya Dalal,56,Female,Kolkata,West Bengal,P1,2026-07-04,Gujarati,True
U00199,Wishi Manne,58,Female,Patna,Bihar,P2,2025-02-16,Malayalam,True
U00200,Ojasvi Subramanian,38,Male,Bhopal,Madhya Pradesh,P3,2024-07-28,Hindi,True
U00201,Tanmayi Dhillon,29,Other,Guwahati,Assam,P1,2026-06-17,English,False
U00202,Ekaraj Majumdar,46,Other,Bhopal,Madhya Pradesh,P1,2024-01-27,Malayalam,True
U00203,Harini Tripathi,46,Other,Delhi,Delhi,P4,2025-08-17,Telugu,False
U00204,Barkha Misra,38,Male,Lucknow,Uttar Pradesh,P3,2023-08-10,Tamil,True
U00205,Manthan Sekhon,55,Other,Pune,Maharashtra,P2,2025-11-20,Bengali,True
U00206,Gaurangi Purohit,63,Other,Chennai,Tamil Nadu,P2,2024-09-09,Tamil,True
U00207,Ranbir Khare,63,Female,Surat,Gujarat,P1,2024-05-11,Bengali,True
U00208,Nirja Bassi,26,Female,Lucknow,Uttar Pradesh,P1,2024-10-28,Hindi,True
U00209,Lakshmi Raju,53,Female,Coimbatore,Tamil Nadu,P3,2023-10-23,Telugu,False
U00210,Warhi Bansal,16,Female,Kolkata,West Bengal,P1,2026-06-29,Punjabi,True
U00211,Harish Sarraf,17,Female,Kochi,Kerala,P3,2023-01-16,Punjabi,True
U00212,Alexander Dhawan,63,Other,Ahmedabad,Gujarat,P3,2022-12-08,Bengali,True
U00213,Falan Singh,51,Female,Coimbatore,Tamil Nadu,P2,2024-03-05,Hindi,True
U00214,Hamsini Rao,63,Other,Surat,Gujarat,P2,2025-08-30,Bengali,True
U00215,Lajita Nadig,31,Male,Chandigarh,Punjab,P1,2025-02-19,Telugu,True
U00216,Balendra Biswas,63,Other,Coimbatore,Tamil Nadu,P1,2025-01-16,Hindi,True
U00217,Utkarsh Chana,16,Female,Surat,Gujarat,P4,2023-06-23,Tamil,True
U00218,Harish Sawhney,16,Female,Delhi,Delhi,P4,2024-04-10,Gujarati,True
U00219,Ayush Batra,42,Male,Ahmedabad,Gujarat,P3,2023-03-16,English,True
U00220,Chaaya Parmer,37,Other,Coimbatore,Tamil Nadu,P2,2023-11-01,Bengali,False
U00221,Yash Wali,51,Other,Hyderabad,Telangana,P3,2024-01-14,English,False
U00222,Onkar Gill,46,Male,Delhi,Delhi,P2,2024-03-09,English,False
U00223,Wridesh Tank,47,Other,Chandigarh,Punjab,P1,2022-11-08,English,False
U00224,Vincent Shenoy,15,Female,Chandigarh,Punjab,P1,2026-03-10,Hindi,True
U00225,Aadhya Andra,33,Male,Surat,Gujarat,P1,2025-02-01,Tamil,True
U00226,Bhavna Dugar,16,Female,Mumbai,Maharashtra,P1,2026-02-18,Hindi,True
U00227,Chandani Samra,58,Other,Guwahati,Assam,P1,2022-10-31,Hindi,True
U00228,Chasmum Issac,40,Male,Ahmedabad,Gujarat,P1,2025-04-19,Bengali,True
U00229,Hredhaan Khalsa,46,Male,Jaipur,Rajasthan,P3,2026-07-15,Gujarati,True
U00230,Chakrika Merchant,20,Male,Kolkata,West Bengal,P1,2024-01-24,Hindi,True
U00231,Anvi Anand,46,Male,Ahmedabad,Gujarat,P2,2022-08-17,Hindi,True
U00232,Watika Mangat,18,Other,Patna,Bihar,P2,2024-10-19,Hindi,True
U00233,Indira Kanda,25,Male,Chandigarh,Punjab,P2,2025-08-22,Telugu,True
U00234,Laksh Chatterjee,31,Other,Bhubaneswar,Odisha,P1,2025-01-31,Telugu,True
U00235,Dayamai Sastry,52,Female,Mumbai,Maharashtra,P1,2026-02-24,Malayalam,True
U00236,Karan Chana,38,Female,Hyderabad,Telangana,P2,2022-09-02,Hindi,True
U00237,Ojasvi Gill,19,Male,Bhubaneswar,Odisha,P1,2026-03-05,English,True
U00238,Yachana Mahajan,48,Female,Coimbatore,Tamil Nadu,P2,2023-05-05,Gujarati,True
U00239,Vasatika Merchant,20,Female,Surat,Gujarat,P2,2025-11-10,Hindi,True
U00240,Ishwar Sidhu,36,Male,Coimbatore,Tamil Nadu,P2,2025-07-10,English,False
U00241,Upkaar Ranganathan,25,Female,Patna,Bihar,P1,2026-05-22,English,True
U00242,Gautam Rana,62,Other,Kochi,Kerala,P2,2026-05-29,English,False
U00243,Suhani Pillay,30,Male,Nagpur,Maharashtra,P1,2022-08-05,Hindi,True
U00244,Lakshmi Prabhu,47,Other,Chandigarh,Punjab,P3,2025-03-25,Hindi,False
U00245,Urishilla Bakshi,23,Male,Coimbatore,Tamil Nadu,P1,2022-12-21,English,False
U00246,Timothy Bhatnagar,20,Other,Patna,Bihar,P3,2025-01-06,Hindi,True
U00247,Chasmum Rege,30,Other,Lucknow,Uttar Pradesh,P2,2025-01-29,Telugu,True
U00248,Baljiwan Modi,43,Male,Nagpur,Maharashtra,P1,2023-01-02,English,True
U00249,Gunbir Keer,17,Other,Hyderabad,Telangana,P3,2026-07-10,Hindi,True
U00250,Lipika Setty,34,Other,Coimbatore,Tamil Nadu,P4,2026-02-01,Tamil,True
U00251,Mohammed Sachdeva,50,Other,Mumbai,Maharashtra,P2,2024-01-09,Malayalam,True
U00252,Nikita Mammen,33,Female,Kolkata,West Bengal,P1,2025-02-26,Marathi,True
U00253,Teerth Sawhney,40,Other,Kolkata,West Bengal,P3,2022-09-01,Tamil,True
U00254,Janani Chaudhary,17,Other,Mumbai,Maharashtra,P1,2024-04-25,Hindi,True
U00255,Jagrati Bhat,33,Female,Kochi,Kerala,P1,2026-06-18,Bengali,True
U00256,Jason Sha,34,Male,Guwahati,Assam,P2,2024-02-17,Hindi,True
U00257,Ansh Bedi,46,Female,Delhi,Delhi,P2,2022-11-26,English,True
U00258,Jeremiah Jha,21,Female,Bhubaneswar,Odisha,P2,2025-09-07,Hindi,True
U00259,Tarak Kaul,55,Female,Chandigarh,Punjab,P2,2022-10-24,Bengali,True
U00260,Aarnav Malhotra,47,Male,Indore,Madhya Pradesh,P2,2023-11-08,Hindi,False
U00261,Kalpit Zachariah,54,Female,Delhi,Delhi,P1,2025-12-21,Marathi,True
U00262,Imaran Bal,53,Male,Jaipur,Rajasthan,P1,2023-07-17,Hindi,True
U00263,Wazir Naik,32,Other,Kolkata,West Bengal,P1,2023-01-24,Bengali,True
U00264,Charles Date,54,Other,Chandigarh,Punjab,P1,2022-08-08,Hindi,True
U00265,Devansh Soni,15,Other,Bengaluru,Karnataka,P3,2025-07-03,English,True
U00266,Yochana Chopra,25,Female,Patna,Bihar,P1,2024-04-30,Hindi,True
U00267,Caleb Verma,42,Other,Bhubaneswar,Odisha,P2,2024-05-06,Kannada,True
U00268,Darsh Srinivas,39,Other,Hyderabad,Telangana,P1,2023-09-29,English,True
U00269,Hritik Swaminathan,64,Male,Lucknow,Uttar Pradesh,P2,2025-12-04,English,True
U00270,Ethan Buch,37,Other,Indore,Madhya Pradesh,P2,2025-05-21,Telugu,False
U00271,Dominic Date,45,Other,Chandigarh,Punjab,P2,2023-10-29,Malayalam,True
U00272,Lakshmi Wali,44,Male,Chennai,Tamil Nadu,P1,2023-08-21,Tamil,True
U00273,Hardik Contractor,56,Other,Bengaluru,Karnataka,P1,2023-09-19,Telugu,True
U00274,Qushi Seth,49,Other,Guwahati,Assam,P2,2025-12-12,Tamil,False
U00275,Harinakshi Setty,21,Other,Kochi,Kerala,P3,2026-02-02,English,True
U00276,Dhriti Sane,30,Female,Nagpur,Maharashtra,P2,2024-02-18,Bengali,True
U00277,Kavya Dua,40,Female,Chandigarh,Punjab,P2,2023-10-15,Telugu,True
U00278,Ekalinga Chand,62,Male,Chandigarh,Punjab,P3,2025-04-14,Tamil,False
U00279,Rachana Char,63,Other,Bengaluru,Karnataka,P2,2025-11-12,English,True
U00280,Kalpit Bhasin,16,Other,Delhi,Delhi,P2,2025-07-07,Tamil,True
U00281,Jason Roy,15,Male,Nagpur,Maharashtra,P2,2024-11-18,Telugu,True
U00282,Charan Mani,62,Male,Kochi,Kerala,P4,2023-12-14,Telugu,True
U00283,Hemang Tripathi,26,Female,Ahmedabad,Gujarat,P2,2024-12-09,Telugu,True
U00284,Udarsh Chokshi,19,Female,Chandigarh,Punjab,P2,2023-05-22,English,True
U00285,Ishwar Mallick,51,Other,Bhubaneswar,Odisha,P1,2023-12-09,Tamil,True
U00286,Atharv Loke,46,Female,Hyderabad,Telangana,P2,2024-10-31,English,True
U00287,Dayamai Nori,23,Female,Bhubaneswar,Odisha,P3,2022-08-27,Hindi,True
U00288,Luke Rattan,55,Other,Chandigarh,Punjab,P1,2023-12-10,Bengali,True
U00289,Gavin Wali,49,Male,Bhubaneswar,Odisha,P2,2022-10-25,English,True
U00290,Sudiksha Om,33,Other,Kochi,Kerala,P3,2023-05-26,Bengali,False
U00291,Ekta Chad,62,Other,Indore,Madhya Pradesh,P1,2023-03-02,English,True
U00292,Nakul Bawa,30,Male,Chandigarh,Punjab,P1,2026-01-26,English,True
U00293,Saanvi Samra,17,Male,Pune,Maharashtra,P1,2025-03-26,Hindi,True
U00294,Oeshi Mahajan,34,Other,Hyderabad,Telangana,P2,2024-06-24,Malayalam,False
U00295,Hemani Sani,38,Other,Delhi,Delhi,P2,2023-05-26,Hindi,True
U00296,Darika Bath,47,Other,Kolkata,West Bengal,P1,2022-12-25,Bengali,True
U00297,Abhimanyu Jayaraman,38,Male,Kolkata,West Bengal,P2,2023-06-03,English,True
U00298,Laksh Kumer,25,Other,Ahmedabad,Gujarat,P4,2023-09-29,English,True
U00299,Abhimanyu Tank,63,Male,Surat,Gujarat,P1,2023-09-11,English,True
U00300,Kai Rai,22,Male,Nagpur,Maharashtra,P4,2025-07-11,English,False
U00301,Xiti Pandya,50,Female,Surat,Gujarat,P2,2024-09-01,Bengali,True
U00302,Rajata Bahl,52,Male,Patna,Bihar,P4,2022-10-29,Bengali,True
U00303,Dhriti Sanghvi,54,Female,Jaipur,Rajasthan,P1,2024-05-17,Kannada,True
U00304,Bimala Contractor,34,Other,Hyderabad,Telangana,P2,2024-10-30,Malayalam,True
U00305,Onveer Sharma,49,Other,Kolkata,West Bengal,P1,2024-02-27,Hindi,True
U00306,Gaurang Sarkar,62,Female,Ahmedabad,Gujarat,P3,2025-11-12,Marathi,True
U00307,Rajata Rattan,39,Male,Bhopal,Madhya Pradesh,P2,2025-11-30,English,True
U00308,Dayita Nori,49,Male,Ahmedabad,Gujarat,P1,2024-08-19,Malayalam,True
U00309,Faraj Uppal,39,Female,Chennai,Tamil Nadu,P1,2023-06-04,Kannada,True
U00310,Ikshita Panchal,43,Female,Chennai,Tamil Nadu,P3,2025-01-26,English,True
U00311,Warinder Chauhan,32,Male,Bengaluru,Karnataka,P1,2025-06-12,Malayalam,True
U00312,Oscar Dua,60,Male,Bhubaneswar,Odisha,P2,2023-02-14,Bengali,True
U00313,Peter Tak,32,Female,Hyderabad,Telangana,P1,2025-07-30,Tamil,True
U00314,Ekantika Mutti,16,Female,Bengaluru,Karnataka,P1,2024-05-23,Tamil,True
U00315,Upasna Sathe,49,Other,Indore,Madhya Pradesh,P2,2023-02-21,Hindi,True
U00316,Daksh Pandey,30,Other,Bhubaneswar,Odisha,P2,2025-01-23,English,True
U00317,Triya Seth,55,Female,Bengaluru,Karnataka,P2,2024-07-26,Hindi,True
U00318,Bhavini Bose,50,Other,Indore,Madhya Pradesh,P3,2022-09-08,Telugu,True
U00319,Yashica Rajagopalan,47,Female,Nagpur,Maharashtra,P1,2025-02-11,Gujarati,True
U00320,Shivani Guha,18,Male,Mumbai,Maharashtra,P2,2024-05-22,English,True
U00321,Yachana Dora,47,Other,Hyderabad,Telangana,P3,2023-10-28,Bengali,True
U00322,Harshil Oza,28,Other,Chandigarh,Punjab,P2,2026-05-15,Hindi,True
U00323,Yamini Gera,35,Female,Surat,Gujarat,P4,2026-06-20,Tamil,True
U00324,Reva Viswanathan,62,Female,Bengaluru,Karnataka,P2,2022-09-11,Hindi,True
U00325,Januja Pradhan,34,Female,Pune,Maharashtra,P3,2024-08-17,Marathi,True
U00326,Nilima Nigam,22,Male,Coimbatore,Tamil Nadu,P2,2026-03-18,Bengali,True
U00327,Gaurika Bhatti,21,Male,Chandigarh,Punjab,P3,2025-04-02,Malayalam,True
U00328,Bhanumati Krishnan,17,Female,Hyderabad,Telangana,P3,2023-11-09,Kannada,True
U00329,Gauri Bumb,31,Male,Bhopal,Madhya Pradesh,P1,2025-06-07,Telugu,True
U00330,Inaya Mukherjee,47,Male,Indore,Madhya Pradesh,P1,2024-11-13,Bengali,True
U00331,Kai Chad,62,Male,Bhubaneswar,Odisha,P4,2026-05-29,Telugu,True
U00332,Falguni Datta,26,Female,Bengaluru,Karnataka,P1,2023-10-11,English,True
U00333,Pallavi Trivedi,36,Female,Patna,Bihar,P1,2025-03-21,English,True
U00334,Dayamai Gole,36,Female,Chandigarh,Punjab,P2,2023-12-26,English,False
U00335,Vedika Handa,60,Other,Delhi,Delhi,P1,2026-05-05,English,True
U00336,Mohammed Brahmbhatt,44,Male,Kolkata,West Bengal,P4,2023-06-11,Malayalam,True
U00337,Yashica Zacharia,52,Male,Surat,Gujarat,P1,2023-09-21,Hindi,True
U00338,Gayathri Deep,52,Other,Chandigarh,Punjab,P2,2025-11-17,Hindi,True
U00339,Nicholas Golla,59,Female,Surat,Gujarat,P4,2024-12-04,English,True
U00340,Raksha Bassi,22,Female,Chennai,Tamil Nadu,P2,2025-11-11,English,True
U00341,Sachi Mane,41,Male,Hyderabad,Telangana,P1,2024-03-07,Telugu,True
U00342,Vivaan Walla,41,Female,Coimbatore,Tamil Nadu,P1,2025-07-19,Bengali,True
U00343,Rishi Pillai,48,Female,Bhubaneswar,Odisha,P1,2023-06-30,Hindi,True
U00344,Triya Manda,35,Other,Bengaluru,Karnataka,P2,2025-04-02,English,True
U00345,Neel Iyengar,44,Other,Kochi,Kerala,P2,2025-08-25,Hindi,True
U00346,Zashil Ben,47,Other,Lucknow,Uttar Pradesh,P3,2025-09-28,Bengali,True
U00347,Harshil Varty,42,Other,Kolkata,West Bengal,P3,2025-02-06,Hindi,False
U00348,Fiyaz Dyal,61,Female,Chennai,Tamil Nadu,P1,2025-12-10,Hindi,True
U00349,Rajeshri Chand,47,Other,Chandigarh,Punjab,P2,2023-08-18,Hindi,False
U00350,Shravya Palla,19,Other,Bengaluru,Karnataka,P1,2026-04-28,Bengali,True
U00351,Chatresh Randhawa,62,Male,Patna,Bihar,P3,2026-04-05,Hindi,True
U00352,Libni Bumb,33,Other,Bengaluru,Karnataka,P2,2024-07-18,Telugu,True
U00353,Eiravati Chaudhary,18,Male,Coimbatore,Tamil Nadu,P2,2024-01-14,Bengali,True
U00354,Madhav Devan,49,Male,Indore,Madhya Pradesh,P4,2025-11-23,Malayalam,True
U00355,Liam Singh,63,Female,Lucknow,Uttar Pradesh,P1,2022-09-09,Marathi,True
U00356,Fariq Bahl,31,Male,Indore,Madhya Pradesh,P3,2024-05-01,English,True
U00357,Pallavi Choudhry,58,Other,Coimbatore,Tamil Nadu,P1,2023-07-24,English,True
U00358,Charvi Dara,42,Other,Indore,Madhya Pradesh,P2,2025-08-22,Marathi,True
U00359,Tanvi Bhatnagar,44,Other,Bhubaneswar,Odisha,P2,2022-09-23,English,False
U00360,Amol Varma,43,Male,Delhi,Delhi,P3,2022-12-24,Hindi,False
U00361,Bishakha Sanghvi,60,Male,Guwahati,Assam,P1,2024-11-02,Bengali,True
U00362,Wridesh Saha,20,Other,Mumbai,Maharashtra,P2,2022-07-18,Telugu,True
U00363,Jalsa Bir,49,Other,Lucknow,Uttar Pradesh,P2,2023-04-15,English,True
U00364,Madhavi Singhal,55,Female,Delhi,Delhi,P1,2026-05-08,Telugu,True
U00365,Kashvi Kulkarni,51,Other,Bhubaneswar,Odisha,P1,2022-09-17,English,False
U00366,Ekansh Pai,38,Male,Chandigarh,Punjab,P4,2025-07-11,Bengali,True
U00367,Gaurangi Deol,43,Female,Hyderabad,Telangana,P1,2023-07-03,Hindi,True
U00368,Parth Shetty,63,Female,Chennai,Tamil Nadu,P1,2022-09-18,Marathi,False
U00369,Qabil Deshmukh,60,Male,Patna,Bihar,P1,2026-06-17,Malayalam,False
U00370,Balhaar Memon,45,Male,Kochi,Kerala,P1,2022-10-16,Telugu,True
U00371,Benjamin Mutti,49,Female,Nagpur,Maharashtra,P3,2023-05-06,Hindi,False
U00372,Urvashi Kulkarni,47,Male,Indore,Madhya Pradesh,P2,2026-04-09,Hindi,True
U00373,Bhavika Parikh,35,Other,Delhi,Delhi,P1,2022-09-07,Kannada,True
U00374,Garima Mahajan,46,Male,Nagpur,Maharashtra,P1,2025-12-26,Malayalam,True
U00375,Rajeshri Ratta,37,Female,Jaipur,Rajasthan,P2,2023-01-13,English,True
U00376,Harinakshi Grover,47,Female,Guwahati,Assam,P2,2025-07-05,Telugu,True
U00377,Jhalak Venkataraman,17,Other,Indore,Madhya Pradesh,P2,2024-07-09,English,False
U00378,Panini Brar,32,Male,Bhubaneswar,Odisha,P1,2023-08-09,English,True
U00379,Chaaya Nagi,39,Female,Kochi,Kerala,P2,2024-04-05,Bengali,True
U00380,Chakrika Mohan,56,Male,Indore,Madhya Pradesh,P2,2022-12-12,Hindi,True
U00381,Ojas Sawhney,45,Other,Kochi,Kerala,P3,2024-04-27,Telugu,True
U00382,Ira Saran,17,Other,Indore,Madhya Pradesh,P1,2023-12-11,English,True
U00383,Falan Ravi,54,Female,Bhubaneswar,Odisha,P2,2023-08-21,Tamil,True
U00384,Azaan Dhar,60,Other,Indore,Madhya Pradesh,P2,2023-12-28,Telugu,True
U00385,Bakhshi Date,38,Other,Mumbai,Maharashtra,P2,2025-12-06,Hindi,True
U00386,Janaki Rajagopal,64,Other,Lucknow,Uttar Pradesh,P3,2022-10-22,Kannada,True
U00387,Mitesh Sengupta,46,Other,Bhubaneswar,Odisha,P2,2026-05-03,Bengali,True
U00388,Sachi Bose,61,Male,Guwahati,Assam,P1,2026-05-02,Tamil,True
U00389,Mitali Murthy,36,Female,Bhubaneswar,Odisha,P3,2024-10-31,Hindi,True
U00390,Ishaan Bal,37,Other,Delhi,Delhi,P2,2025-02-19,Hindi,True
U00391,Zarna Ram,16,Female,Kochi,Kerala,P2,2025-06-24,Bengali,True
U00392,Adweta Lad,41,Other,Bhubaneswar,Odisha,P4,2026-03-11,Bengali,True
U00393,Bhavika Swaminathan,56,Female,Indore,Madhya Pradesh,P1,2025-05-09,Gujarati,True
U00394,Ethan Seth,16,Male,Bhopal,Madhya Pradesh,P1,2023-05-04,Telugu,True
U00395,Gagan Nagarajan,40,Other,Coimbatore,Tamil Nadu,P2,2023-03-25,Bengali,True
U00396,Bina Mital,31,Male,Jaipur,Rajasthan,P2,2025-03-17,Marathi,True
U00397,Janaki Trivedi,54,Female,Lucknow,Uttar Pradesh,P1,2025-12-10,Bengali,True
U00398,Liam Khalsa,47,Female,Nagpur,Maharashtra,P1,2023-06-08,Telugu,False
U00399,Jalsa Pillay,23,Other,Jaipur,Rajasthan,P1,2025-09-12,Bengali,True
U00400,Gabriel Bhatti,57,Male,Bhopal,Madhya Pradesh,P3,2024-05-28,English,True
U00401,Nirja Rout,62,Female,Bengaluru,Karnataka,P1,2023-10-10,Tamil,True
U00402,Jeremiah Nadig,53,Other,Pune,Maharashtra,P1,2025-10-30,English,True
U00403,Unnati Varughese,43,Other,Jaipur,Rajasthan,P1,2025-02-08,Bengali,True
U00404,Kai Sant,56,Other,Delhi,Delhi,P2,2023-12-01,Hindi,True
U00405,Jeet Vasa,40,Other,Hyderabad,Telangana,P2,2024-07-19,Telugu,True
U00406,Neel Naidu,49,Other,Chennai,Tamil Nadu,P1,2023-02-24,Punjabi,True
U00407,Hiral Venkataraman,64,Male,Nagpur,Maharashtra,P2,2026-04-11,Bengali,True
U00408,Zashil Hegde,39,Male,Lucknow,Uttar Pradesh,P2,2026-02-12,Tamil,True
U00409,Jeremiah Mitter,38,Male,Delhi,Delhi,P4,2025-01-28,English,False
U00410,Yadavi Ganguly,27,Female,Delhi,Delhi,P4,2024-12-29,Bengali,True
U00411,Onveer Nazareth,21,Male,Lucknow,Uttar Pradesh,P3,2024-11-26,English,True
U00412,Ayush Bumb,50,Other,Kochi,Kerala,P1,2025-11-27,Telugu,True
U00413,Shivansh Saha,59,Female,Chennai,Tamil Nadu,P3,2022-09-20,English,True
U00414,Widisha Mann,34,Female,Kochi,Kerala,P1,2025-01-04,Tamil,True
U00415,Vasudha Konda,15,Female,Mumbai,Maharashtra,P2,2025-02-07,Telugu,True
U00416,Chameli Setty,22,Other,Kolkata,West Bengal,P2,2025-10-03,Kannada,False
U00417,Nakul Sarraf,60,Female,Indore,Madhya Pradesh,P1,2022-10-30,Bengali,True
U00418,Samar Oak,30,Male,Chennai,Tamil Nadu,P2,2024-03-14,Hindi,True
U00419,Eiravati Pai,28,Female,Surat,Gujarat,P3,2024-12-18,English,True
U00420,Kamala Varma,26,Female,Mumbai,Maharashtra,P1,2026-06-10,Bengali,True
U00421,Wyatt Shukla,37,Male,Hyderabad,Telangana,P2,2024-10-13,English,True
U00422,Yug Dhaliwal,29,Other,Lucknow,Uttar Pradesh,P2,2023-01-11,Kannada,True
U00423,Leena Sahota,42,Male,Bhubaneswar,Odisha,P1,2022-12-04,Telugu,True
U00424,Falak Munshi,48,Other,Bhubaneswar,Odisha,P2,2023-07-13,Telugu,True
U00425,Wishi Varma,16,Male,Coimbatore,Tamil Nadu,P3,2023-04-19,Bengali,True
U00426,Widisha Bajaj,46,Male,Bhubaneswar,Odisha,P3,2024-05-28,Telugu,True
U00427,Yashasvi Shankar,37,Other,Chandigarh,Punjab,P1,2022-11-24,Hindi,False
U00428,Ira Bava,36,Other,Indore,Madhya Pradesh,P1,2026-05-28,Hindi,True
U00429,Upma Mangal,39,Other,Indore,Madhya Pradesh,P2,2022-09-27,Hindi,True
U00430,Raagini Desai,36,Female,Bengaluru,Karnataka,P3,2024-09-07,Bengali,True
U00431,Neha Pau,36,Other,Indore,Madhya Pradesh,P2,2026-01-25,Hindi,True
U00432,Robert Patil,63,Female,Lucknow,Uttar Pradesh,P2,2022-09-20,English,True
U00433,Libni Thaman,56,Male,Pune,Maharashtra,P2,2024-10-01,English,True
U00434,Jagat Dave,20,Male,Coimbatore,Tamil Nadu,P4,2024-05-03,Gujarati,True
U00435,Kashvi Nori,29,Male,Lucknow,Uttar Pradesh,P2,2026-06-09,Bengali,False
U00436,Maanas Issac,57,Female,Patna,Bihar,P2,2024-10-07,English,False
U00437,Xiti Baria,51,Other,Bhopal,Madhya Pradesh,P2,2024-12-12,Punjabi,False
U00438,Gauri Som,47,Female,Chennai,Tamil Nadu,P2,2022-09-20,Hindi,False
U00439,Yutika Dey,22,Other,Bhopal,Madhya Pradesh,P2,2024-08-12,Punjabi,False
U00440,Nicholas Ramaswamy,58,Female,Mumbai,Maharashtra,P4,2023-11-07,Bengali,True
U00441,Gayathri Tripathi,58,Male,Coimbatore,Tamil Nadu,P2,2026-07-02,Hindi,True
U00442,Chandani Soman,19,Other,Jaipur,Rajasthan,P1,2025-11-07,Bengali,True
U00443,Garima Choudhary,53,Male,Patna,Bihar,P2,2025-10-19,Hindi,True
U00444,Avi Som,18,Other,Bhubaneswar,Odisha,P1,2026-06-16,Bengali,False
U00445,Charan Srinivasan,20,Female,Ahmedabad,Gujarat,P2,2023-08-07,English,True
U00446,Manbir Kibe,59,Female,Delhi,Delhi,P1,2023-03-22,Hindi,False
U00447,Rayaan Bahl,46,Other,Guwahati,Assam,P1,2022-08-31,Bengali,True
U00448,Max Sachar,44,Male,Ahmedabad,Gujarat,P1,2024-04-20,Gujarati,True
U00449,Yachana Sinha,61,Male,Patna,Bihar,P1,2025-04-19,Telugu,True
U00450,Lakshit Venkataraman,49,Female,Kolkata,West Bengal,P2,2026-01-11,Telugu,True
U00451,Vanya Vora,54,Other,Chandigarh,Punjab,P4,2023-05-14,English,True
U00452,Tripti Walia,30,Female,Patna,Bihar,P2,2024-01-17,English,True
U00453,Aishani Sule,27,Male,Nagpur,Maharashtra,P1,2023-11-28,English,True
U00454,Arya Misra,64,Other,Surat,Gujarat,P4,2023-04-22,English,True
U00455,Bhavya Johal,56,Male,Indore,Madhya Pradesh,P1,2023-06-09,English,True
U00456,Edhitha Srinivasan,44,Female,Bengaluru,Karnataka,P4,2025-04-19,Hindi,True
U00457,Bhavna Dara,33,Female,Pune,Maharashtra,P1,2023-12-07,Bengali,True
U00458,Megha Pai,31,Other,Bengaluru,Karnataka,P1,2024-10-30,Bengali,True
U00459,Bina Basak,33,Female,Nagpur,Maharashtra,P1,2026-05-10,English,False
U00460,Hiral Sathe,42,Other,Pune,Maharashtra,P4,2023-09-09,Hindi,False
U00461,Tanish Jaggi,40,Other,Nagpur,Maharashtra,P4,2025-02-28,Tamil,True
U00462,Anita Devan,51,Female,Ahmedabad,Gujarat,P2,2025-11-06,English,True
U00463,Xavier Bedi,40,Female,Chandigarh,Punjab,P1,2022-12-22,Telugu,True
U00464,Viraj Ben,37,Other,Hyderabad,Telangana,P3,2025-03-20,Telugu,False
U00465,Urmi Chaudhry,23,Female,Pune,Maharashtra,P2,2022-12-09,Hindi,False
U00466,Abdul Dugar,26,Other,Chennai,Tamil Nadu,P1,2025-04-06,Marathi,True
U00467,Vansha Iyengar,15,Male,Patna,Bihar,P1,2024-03-01,English,True
U00468,Ekani Mangal,15,Other,Ahmedabad,Gujarat,P2,2025-07-24,Marathi,True
U00469,Vincent Warrior,61,Other,Nagpur,Maharashtra,P4,2025-02-13,Bengali,True
U00470,Parth Sahni,48,Other,Chandigarh,Punjab,P1,2025-06-29,Telugu,True
U00471,Balhaar Ranganathan,46,Male,Coimbatore,Tamil Nadu,P4,2026-01-24,Telugu,False
U00472,Bimala Barad,62,Other,Bengaluru,Karnataka,P4,2025-09-09,Hindi,True
U00473,Gautami Mane,39,Male,Chennai,Tamil Nadu,P3,2022-07-29,Hindi,True
U00474,Krish Thaman,54,Female,Pune,Maharashtra,P2,2024-05-09,Hindi,True
U00475,Isaiah Narayanan,59,Other,Bhubaneswar,Odisha,P4,2024-05-29,Telugu,True
U00476,Aarini Grewal,15,Male,Coimbatore,Tamil Nadu,P2,2023-03-10,Telugu,True
U00477,Chakrika Hans,30,Other,Lucknow,Uttar Pradesh,P1,2022-08-05,Bengali,True
U00478,Prisha Varma,53,Male,Kolkata,West Bengal,P1,2023-03-29,Telugu,True
U00479,Girish Goyal,19,Female,Bhubaneswar,Odisha,P2,2023-11-07,English,True
U00480,Ekiya Kothari,36,Female,Chandigarh,Punjab,P4,2026-06-19,Telugu,False
U00481,Warinder Sekhon,43,Male,Ahmedabad,Gujarat,P1,2022-07-25,Tamil,False
U00482,Chasmum Apte,17,Female,Delhi,Delhi,P1,2025-07-21,English,True
U00483,Warinder Bhatia,26,Male,Mumbai,Maharashtra,P2,2023-08-02,Telugu,True
U00484,Damyanti Dutta,40,Male,Kochi,Kerala,P2,2025-03-17,Kannada,False
U00485,Jacob Merchant,30,Other,Ahmedabad,Gujarat,P1,2024-02-28,Kannada,True
U00486,Theodore Deol,51,Other,Delhi,Delhi,P4,2024-01-03,Marathi,False
U00487,Kashvi Sagar,36,Male,Guwahati,Assam,P2,2024-06-13,Marathi,True
U00488,Tejas Kota,43,Other,Pune,Maharashtra,P2,2025-05-06,Malayalam,False
U00489,Sanya Wable,28,Male,Lucknow,Uttar Pradesh,P1,2025-04-04,Telugu,False
U00490,Isaac Bhatia,42,Other,Coimbatore,Tamil Nadu,P1,2025-05-09,Hindi,False
U00491,Mason Gala,19,Female,Bengaluru,Karnataka,P2,2025-11-07,Hindi,True
U00492,Jackson Jha,61,Other,Bengaluru,Karnataka,P1,2023-11-07,Marathi,True
U00493,Gavin Uppal,63,Female,Kochi,Kerala,P1,2025-05-28,Bengali,True
U00494,Sudiksha Deo,44,Female,Ahmedabad,Gujarat,P2,2024-04-26,English,True
U00495,Dalbir Shere,60,Other,Bhopal,Madhya Pradesh,P1,2024-08-03,English,True
U00496,Anthony Randhawa,19,Male,Bengaluru,Karnataka,P1,2025-03-24,English,True
U00497,Tejas Bora,26,Female,Chennai,Tamil Nadu,P2,2023-07-22,English,True
U00498,Devansh Bhasin,30,Female,Lucknow,Uttar Pradesh,P2,2022-09-20,Hindi,True
U00499,Urmi Balay,40,Other,Patna,Bihar,P2,2026-04-11,Telugu,True
U00500,Krishna Salvi,40,Male,Bengaluru,Karnataka,P2,2023-09-08,Tamil,True
U00501,Saumya Purohit,62,Female,Bhopal,Madhya Pradesh,P1,2024-01-14,English,True
U00502,Ijaya Dani,35,Male,Coimbatore,Tamil Nadu,P4,2024-01-15,Tamil,True
U00503,Joshua Kapoor,53,Female,Bhopal,Madhya Pradesh,P1,2023-04-02,English,True
U00504,Chanchal Sheth,50,Female,Bengaluru,Karnataka,P1,2025-11-16,English,True
U00505,Ladli Karpe,47,Male,Bengaluru,Karnataka,P2,2025-03-25,Bengali,True
U00506,Mohammed Majumdar,44,Male,Bhubaneswar,Odisha,P1,2023-07-12,Hindi,True
U00507,Azad Saini,51,Other,Bhopal,Madhya Pradesh,P1,2023-04-17,English,False
U00508,Wridesh Jhaveri,37,Other,Surat,Gujarat,P1,2024-12-30,Punjabi,True
U00509,Sanya Bava,24,Other,Kochi,Kerala,P2,2022-10-22,Hindi,True
U00510,Neelima Sarna,19,Female,Bhopal,Madhya Pradesh,P4,2023-07-08,Bengali,True
U00511,Daksh Dey,50,Female,Guwahati,Assam,P3,2023-06-23,English,True
U00512,Vivaan Nagar,48,Other,Bhopal,Madhya Pradesh,P2,2024-07-21,Hindi,False
U00513,Warjas Mittal,45,Other,Kolkata,West Bengal,P2,2024-11-05,Hindi,True
U00514,Odika Mital,24,Female,Pune,Maharashtra,P2,2026-01-16,Malayalam,True
U00515,Prisha Tandon,33,Male,Patna,Bihar,P2,2023-08-21,Tamil,True
U00516,Lakshmi Vohra,46,Female,Chennai,Tamil Nadu,P2,2022-09-22,Hindi,False
U00517,Nilima Dixit,15,Other,Nagpur,Maharashtra,P2,2023-10-24,Telugu,False
U00518,Urvashi Khosla,19,Female,Patna,Bihar,P2,2023-09-27,Bengali,True
U00519,Maanas Sheth,59,Male,Bhubaneswar,Odisha,P2,2025-12-07,Hindi,True
U00520,Omaja Wagle,18,Other,Chandigarh,Punjab,P1,2026-03-13,Hindi,False
U00521,Aadhya Jani,30,Female,Bhopal,Madhya Pradesh,P4,2023-01-27,Punjabi,True
U00522,Shivani Prabhakar,38,Male,Mumbai,Maharashtra,P1,2023-11-10,Telugu,True
U00523,Charan Loyal,30,Male,Guwahati,Assam,P2,2022-11-28,English,True
U00524,Elijah Guha,16,Male,Guwahati,Assam,P2,2024-01-18,English,True
U00525,Varenya Joshi,63,Male,Hyderabad,Telangana,P1,2025-10-03,Hindi,False
U00526,Chavvi Aurora,42,Female,Chennai,Tamil Nadu,P1,2026-01-06,Telugu,True
U00527,Jacob Srinivas,46,Male,Nagpur,Maharashtra,P1,2023-05-21,English,True
U00528,Mekhala Khatri,41,Male,Kochi,Kerala,P1,2026-03-12,Malayalam,True
U00529,Lajita Shukla,34,Other,Kochi,Kerala,P2,2024-09-29,Bengali,False
U00530,Darika Lal,38,Other,Ahmedabad,Gujarat,P2,2024-09-02,Hindi,True
U00531,Unnati Chaudhari,26,Female,Surat,Gujarat,P1,2023-12-23,Tamil,True
U00532,Ekaja Jani,64,Other,Patna,Bihar,P2,2025-09-30,Tamil,True
U00533,Chakradev Kant,49,Male,Guwahati,Assam,P2,2024-01-08,Bengali,True
U00534,Advika Sahni,47,Other,Bengaluru,Karnataka,P2,2025-07-02,Hindi,True
U00535,Forum Karpe,47,Other,Surat,Gujarat,P1,2023-09-20,Malayalam,True
U00536,Xalak Nazareth,57,Other,Kochi,Kerala,P2,2024-01-21,English,True
U00537,Vritti Sharma,51,Other,Chandigarh,Punjab,P3,2023-07-26,Hindi,True
U00538,Omkaar Dey,26,Other,Lucknow,Uttar Pradesh,P4,2023-03-18,Hindi,True
U00539,Qarin Bhargava,17,Male,Hyderabad,Telangana,P1,2025-06-02,Hindi,True
U00540,Chanakya Ahuja,15,Other,Indore,Madhya Pradesh,P2,2024-08-19,Hindi,True
U00541,Ekansh Dora,47,Other,Kolkata,West Bengal,P2,2024-03-09,Bengali,True
U00542,Kashvi Bhasin,54,Female,Kolkata,West Bengal,P2,2022-07-29,English,True
U00543,Vinaya Babu,24,Female,Surat,Gujarat,P2,2025-01-03,Marathi,True
U00544,Advik Badal,57,Other,Pune,Maharashtra,P3,2022-07-25,Telugu,True
U00545,Bhavini Badal,58,Female,Nagpur,Maharashtra,P2,2024-08-27,Telugu,True
U00546,Praneel Chhabra,43,Male,Mumbai,Maharashtra,P3,2024-07-18,English,True
U00547,Wridesh Handa,27,Female,Coimbatore,Tamil Nadu,P1,2026-03-18,Telugu,True
U00548,Irya Loke,26,Male,Nagpur,Maharashtra,P2,2025-01-06,Tamil,True
U00549,Kashvi Ravi,45,Female,Coimbatore,Tamil Nadu,P3,2025-09-19,Telugu,True
U00550,Upkaar Mital,60,Female,Surat,Gujarat,P2,2024-05-16,Hindi,False
U00551,Azad Chander,16,Male,Ahmedabad,Gujarat,P1,2025-04-10,English,True
U00552,Vamakshi Bhalla,64,Male,Bengaluru,Karnataka,P2,2024-02-28,Bengali,True
U00553,Fitan Tata,49,Other,Guwahati,Assam,P2,2025-01-31,Tamil,True
U00554,Girish Wable,37,Male,Bhubaneswar,Odisha,P1,2025-12-02,Malayalam,True
U00555,Siddharth Soman,31,Female,Guwahati,Assam,P2,2026-03-19,Tamil,True
U00556,Avni Bali,40,Female,Lucknow,Uttar Pradesh,P1,2023-08-16,Marathi,True
U00557,Amol Johal,22,Female,Hyderabad,Telangana,P1,2023-04-04,Kannada,False
U00558,Faraj Mistry,43,Male,Chennai,Tamil Nadu,P2,2024-11-19,Hindi,True
U00559,Lopa Zachariah,40,Other,Ahmedabad,Gujarat,P3,2023-03-10,English,True
U00560,Farhan Tella,24,Female,Jaipur,Rajasthan,P2,2023-11-12,Telugu,True
U00561,Chatresh Chaudhari,40,Other,Bengaluru,Karnataka,P2,2025-07-09,English,False
U00562,Harini Ranganathan,48,Female,Chandigarh,Punjab,P2,2024-04-14,English,True
U00563,Ayushman Mahajan,55,Female,Bengaluru,Karnataka,P2,2026-05-31,Tamil,True
U00564,Vritti Kari,21,Female,Bengaluru,Karnataka,P3,2025-09-02,Hindi,True
U00565,Rachana Grewal,18,Female,Pune,Maharashtra,P2,2023-12-17,Malayalam,True
U00566,Frederick Merchant,64,Female,Guwahati,Assam,P1,2025-04-04,Bengali,False
U00567,Fitan Loyal,59,Other,Delhi,Delhi,P1,2025-09-23,Bengali,True
U00568,Lopa Nadig,25,Male,Hyderabad,Telangana,P4,2023-02-26,English,True
U00569,Abdul Morar,43,Other,Patna,Bihar,P1,2023-12-24,Kannada,False
U00570,Harsh Deo,50,Female,Lucknow,Uttar Pradesh,P1,2024-04-25,Hindi,True
U00571,Saumya Vala,39,Other,Bengaluru,Karnataka,P2,2022-11-20,Hindi,True
U00572,Gaurav Pandya,35,Male,Lucknow,Uttar Pradesh,P2,2024-03-03,English,True
U00573,Lekha Arora,50,Female,Hyderabad,Telangana,P1,2024-10-02,Hindi,True
U00574,Frado Kibe,24,Male,Indore,Madhya Pradesh,P2,2023-09-15,Hindi,True
U00575,Lajita Gara,51,Female,Hyderabad,Telangana,P4,2024-10-28,Bengali,True
U00576,Amrita Tailor,23,Other,Ahmedabad,Gujarat,P2,2023-02-03,Bengali,True
U00577,Radhika Majumdar,38,Male,Chandigarh,Punjab,P3,2023-02-14,English,True
U00578,Faraj Patel,49,Other,Chennai,Tamil Nadu,P2,2024-03-22,Hindi,True
U00579,Warhi Hayre,63,Male,Mumbai,Maharashtra,P2,2023-07-18,English,True
U00580,Daksha Ahuja,49,Other,Chennai,Tamil Nadu,P4,2024-05-14,Bengali,False
U00581,Lajita Narayan,62,Male,Bengaluru,Karnataka,P3,2026-05-02,Bengali,True
U00582,Laban Mital,50,Female,Bhopal,Madhya Pradesh,P2,2024-04-19,English,True
U00583,Varenya Murthy,32,Male,Jaipur,Rajasthan,P2,2023-10-27,Telugu,True
U00584,Eiravati Manne,63,Other,Bhubaneswar,Odisha,P1,2023-04-01,Hindi,False
U00585,Xavier Nanda,53,Other,Lucknow,Uttar Pradesh,P1,2025-06-23,Telugu,True
U00586,Janya Comar,46,Male,Lucknow,Uttar Pradesh,P2,2024-01-16,Telugu,True
U00587,Pranit Bala,38,Male,Nagpur,Maharashtra,P2,2026-04-07,Telugu,False
U00588,Shaurya Sarma,37,Male,Chandigarh,Punjab,P4,2026-05-08,English,False
U00589,Nilima Tata,46,Other,Patna,Bihar,P2,2025-09-23,Hindi,True
U00590,Wyatt Krishnan,51,Male,Bengaluru,Karnataka,P1,2023-02-04,Hindi,True
U00591,Krishna Borah,26,Female,Delhi,Delhi,P4,2025-03-04,Telugu,True
U00592,Nandini Warrior,63,Female,Indore,Madhya Pradesh,P3,2024-05-02,Bengali,True
U00593,Balhaar Parsa,27,Male,Coimbatore,Tamil Nadu,P2,2024-07-25,English,True
U00594,Ikbal Kothari,37,Male,Indore,Madhya Pradesh,P4,2025-05-06,Telugu,True
U00595,Ojas Basu,39,Female,Bengaluru,Karnataka,P1,2025-03-02,Bengali,False
U00596,Garima Sani,49,Female,Delhi,Delhi,P1,2024-10-15,Hindi,True
U00597,Aarna Kapadia,55,Other,Delhi,Delhi,P1,2022-12-17,Tamil,True
U00598,Sanaya Prasad,44,Other,Mumbai,Maharashtra,P2,2024-07-31,Hindi,True
U00599,Hemani Bakshi,31,Other,Chandigarh,Punjab,P2,2024-02-07,English,True
U00600,Ojasvi Chada,63,Male,Jaipur,Rajasthan,P2,2024-06-20,Bengali,True
U00601,Ijaya Muni,34,Male,Patna,Bihar,P1,2023-01-01,English,False
U00602,Vasudha Pall,62,Other,Bengaluru,Karnataka,P2,2023-11-29,English,True
U00603,Sneha Nagar,39,Male,Guwahati,Assam,P1,2024-06-10,English,True
U00604,Ishwar Bajaj,36,Male,Guwahati,Assam,P2,2022-10-22,Hindi,True
U00605,Nitesh Kohli,27,Male,Delhi,Delhi,P3,2025-12-07,Hindi,True
U00606,Ganga Sandhu,33,Male,Bhopal,Madhya Pradesh,P4,2024-08-07,Marathi,False
U00607,Nidhi Gour,63,Other,Coimbatore,Tamil Nadu,P3,2026-05-16,Bengali,True
U00608,Meghana Balakrishnan,50,Other,Kochi,Kerala,P1,2023-04-14,English,False
U00609,Shivani Sanghvi,26,Other,Guwahati,Assam,P2,2025-06-27,Bengali,True
U00610,Samesh Mallick,55,Male,Ahmedabad,Gujarat,P3,2024-02-04,Marathi,True
U00611,Harsh Yadav,33,Female,Surat,Gujarat,P3,2025-07-19,English,True
U00612,Ronith Shankar,26,Female,Mumbai,Maharashtra,P2,2023-04-15,Telugu,True
U00613,Dhriti Rama,23,Female,Bhubaneswar,Odisha,P1,2022-12-29,Tamil,True
U00614,Ijaya Pandey,21,Other,Pune,Maharashtra,P2,2024-12-25,Bengali,True
U00615,Chameli Chad,42,Male,Mumbai,Maharashtra,P4,2025-12-02,Hindi,True
U00616,Jacob Khare,28,Male,Mumbai,Maharashtra,P4,2025-03-23,Bengali,True
U00617,Kashvi Dhaliwal,45,Other,Lucknow,Uttar Pradesh,P1,2023-10-05,Gujarati,True
U00618,Lakshit Rajagopal,33,Male,Delhi,Delhi,P4,2024-07-31,Bengali,True
U00619,Oscar Ganesan,61,Other,Ahmedabad,Gujarat,P3,2024-03-25,English,False
U00620,Rachit Murty,30,Male,Surat,Gujarat,P4,2024-06-30,Tamil,True
U00621,Jagrati Andra,19,Other,Bhopal,Madhya Pradesh,P1,2025-11-27,Hindi,True
U00622,Leena Tiwari,49,Female,Chennai,Tamil Nadu,P1,2024-06-23,Malayalam,False
U00623,Vyanjana Sagar,26,Other,Bhopal,Madhya Pradesh,P2,2025-02-24,English,True
U00624,Vrinda Ganesh,39,Male,Ahmedabad,Gujarat,P1,2025-05-18,Hindi,True
U00625,Thomas Master,35,Male,Hyderabad,Telangana,P1,2022-11-13,English,True
U00626,Bhavya Ganguly,50,Male,Hyderabad,Telangana,P2,2022-09-01,Telugu,True
U00627,Yasti Chowdhury,37,Other,Hyderabad,Telangana,P1,2025-08-29,English,True
U00628,Jeevika Barman,30,Female,Bhubaneswar,Odisha,P1,2024-10-29,Hindi,True
U00629,Tejas Sandal,53,Male,Chandigarh,Punjab,P2,2025-07-30,Bengali,True
U00630,Chameli Bali,59,Female,Kolkata,West Bengal,P1,2022-12-12,Malayalam,True
U00631,Gagan Sarna,56,Female,Coimbatore,Tamil Nadu,P1,2024-05-03,Hindi,True
U00632,Warjas Kadakia,53,Male,Hyderabad,Telangana,P1,2025-12-31,Hindi,False
U00633,Priya Gandhi,28,Other,Chandigarh,Punjab,P2,2025-10-12,Hindi,True
U00634,Samuel Bhargava,45,Male,Bengaluru,Karnataka,P1,2025-01-01,Hindi,True
U00635,Om Naik,19,Female,Chennai,Tamil Nadu,P1,2024-10-25,Hindi,False
U00636,Bimala Loke,49,Other,Delhi,Delhi,P1,2026-06-15,English,True
U00637,Krishna Sabharwal,37,Other,Nagpur,Maharashtra,P1,2026-05-07,English,True
U00638,Jonathan Deo,43,Female,Kolkata,West Bengal,P1,2026-03-19,Kannada,True
U00639,Yug Ramaswamy,57,Other,Bhubaneswar,Odisha,P2,2023-07-15,English,True
U00640,Oeshi Prashad,25,Male,Coimbatore,Tamil Nadu,P2,2024-06-30,English,True
U00641,Neha Varma,32,Other,Pune,Maharashtra,P2,2024-05-06,Hindi,False
U00642,Suhani Sura,61,Female,Coimbatore,Tamil Nadu,P3,2025-07-15,Bengali,True
U00643,Girik Shanker,26,Female,Coimbatore,Tamil Nadu,P3,2023-11-06,Kannada,True
U00644,Dev Warrior,23,Male,Bhopal,Madhya Pradesh,P1,2025-01-28,English,True
U00645,Siddharth Talwar,24,Female,Jaipur,Rajasthan,P1,2024-02-17,Telugu,True
U00646,Geetika De,58,Male,Ahmedabad,Gujarat,P4,2023-08-12,Hindi,True
U00647,Hemal Bava,31,Other,Coimbatore,Tamil Nadu,P3,2024-10-20,Hindi,False
U00648,Amol Dash,52,Female,Ahmedabad,Gujarat,P2,2022-09-21,English,False
U00649,Ridhi Shan,21,Other,Kolkata,West Bengal,P1,2026-04-03,English,True
U00650,Samaksh Deo,60,Male,Chandigarh,Punjab,P4,2022-07-16,Bengali,True
U00651,Nathan Mahal,27,Other,Guwahati,Assam,P2,2026-01-24,Marathi,False
U00652,Zashil Butala,54,Male,Nagpur,Maharashtra,P2,2022-11-29,Telugu,True
U00653,Charles Randhawa,56,Male,Ahmedabad,Gujarat,P2,2024-01-10,Telugu,True
U00654,Pushti Chand,23,Male,Bhubaneswar,Odisha,P1,2025-01-15,English,True
U00655,Tanay Sood,64,Male,Kochi,Kerala,P1,2025-05-09,Tamil,False
U00656,Zilmil Saxena,41,Female,Hyderabad,Telangana,P3,2022-11-06,Punjabi,True
U00657,Jai Sami,16,Female,Bhopal,Madhya Pradesh,P2,2022-07-29,English,True
U00658,Ekavir Karnik,19,Female,Kolkata,West Bengal,P2,2025-04-24,Bengali,False
U00659,Harshil Munshi,43,Other,Kochi,Kerala,P1,2024-01-26,Bengali,False
U00660,Laksh Raja,51,Other,Chandigarh,Punjab,P1,2024-01-04,Malayalam,True
U00661,Luke Biswas,52,Other,Lucknow,Uttar Pradesh,P1,2025-08-19,Hindi,True
U00662,Nitesh Sarraf,33,Other,Guwahati,Assam,P2,2024-08-29,Hindi,True
U00663,Max Sabharwal,22,Other,Bhubaneswar,Odisha,P1,2023-12-11,Hindi,True
U00664,Teerth Chadha,62,Male,Kochi,Kerala,P2,2025-01-01,English,True
U00665,Jatin Rajagopalan,59,Other,Bengaluru,Karnataka,P3,2026-02-14,Tamil,False
U00666,Divya Dey,15,Male,Surat,Gujarat,P1,2023-12-11,Hindi,True
U00667,Yuvraj Mane,36,Other,Jaipur,Rajasthan,P3,2023-07-13,Hindi,True
U00668,Charvi Jha,31,Female,Patna,Bihar,P4,2025-08-27,Telugu,True
U00669,Manya Merchant,21,Female,Coimbatore,Tamil Nadu,P2,2024-08-10,Bengali,True
U00670,Warda Raju,39,Male,Ahmedabad,Gujarat,P1,2025-02-14,Bengali,True
U00671,Ekavir Wable,59,Male,Mumbai,Maharashtra,P1,2022-12-27,Hindi,True
U00672,Jalsa Nadig,18,Male,Bhopal,Madhya Pradesh,P1,2026-02-03,Telugu,False
U00673,Jasmit Gera,50,Other,Bengaluru,Karnataka,P1,2023-01-24,Kannada,True
U00674,Anay Bir,20,Male,Patna,Bihar,P4,2025-08-03,Tamil,True
U00675,Balveer Bhasin,45,Male,Delhi,Delhi,P1,2022-08-05,Punjabi,True
U00676,Yashawini Mangat,33,Other,Coimbatore,Tamil Nadu,P2,2026-05-02,Telugu,True
U00677,Pallavi Ratti,58,Male,Lucknow,Uttar Pradesh,P1,2025-01-19,English,True
U00678,Arunima Chacko,53,Female,Nagpur,Maharashtra,P1,2022-11-13,Hindi,True
U00679,Nachiket Yadav,41,Male,Bhubaneswar,Odisha,P2,2023-10-11,Hindi,True
U00680,Dayita Sarkar,24,Female,Lucknow,Uttar Pradesh,P4,2023-11-05,Malayalam,True
U00681,Dalbir Konda,40,Other,Bhopal,Madhya Pradesh,P2,2025-06-16,English,True
U00682,Jack Setty,33,Female,Bhopal,Madhya Pradesh,P1,2022-11-18,English,True
U00683,Dayamai Gill,53,Female,Jaipur,Rajasthan,P2,2024-12-26,Hindi,True
U00684,Advay Gade,17,Other,Delhi,Delhi,P1,2023-01-06,Bengali,True
U00685,Zansi Lad,59,Female,Chandigarh,Punjab,P3,2024-07-10,Punjabi,True
U00686,Amruta Dalal,27,Female,Coimbatore,Tamil Nadu,P1,2023-03-16,Malayalam,True
U00687,Gautami Sanghvi,64,Female,Coimbatore,Tamil Nadu,P2,2025-08-16,Tamil,True
U00688,Adya Bose,42,Other,Lucknow,Uttar Pradesh,P1,2023-08-17,Hindi,True
U00689,Christopher Tata,34,Other,Indore,Madhya Pradesh,P3,2024-07-09,Gujarati,True
U00690,Jhalak Dugar,42,Male,Surat,Gujarat,P1,2025-12-22,Punjabi,True
U00691,Jack Kari,22,Male,Chennai,Tamil Nadu,P1,2023-07-23,Gujarati,True
U00692,Chaitanya Arora,55,Female,Chennai,Tamil Nadu,P3,2025-07-02,English,True
U00693,Januja Rajagopal,53,Other,Bengaluru,Karnataka,P1,2023-07-08,English,True
U00694,Balendra Saini,15,Male,Jaipur,Rajasthan,P2,2026-03-21,Bengali,True
U00695,Omaja Nagarajan,17,Male,Indore,Madhya Pradesh,P3,2023-06-09,English,True
U00696,Kashish Dar,27,Male,Guwahati,Assam,P2,2023-08-16,Marathi,True
U00697,Praneel Kapoor,42,Other,Hyderabad,Telangana,P3,2024-07-18,Kannada,False
U00698,Nandini Biswas,63,Female,Jaipur,Rajasthan,P2,2025-10-03,Tamil,True
U00699,Deepa Narang,39,Male,Kolkata,West Bengal,P1,2026-01-17,Tamil,True
U00700,Abhiram Pillay,47,Female,Bhopal,Madhya Pradesh,P1,2022-11-19,Bengali,True
U00701,Xavier Shetty,52,Female,Nagpur,Maharashtra,P4,2023-05-05,Hindi,True
U00702,Rohan Korpal,20,Female,Lucknow,Uttar Pradesh,P1,2024-01-05,Malayalam,True
U00703,Arjun Kaul,58,Other,Ahmedabad,Gujarat,P1,2023-02-20,English,False
U00704,Gautami Agarwal,59,Other,Jaipur,Rajasthan,P2,2024-09-14,Tamil,True
U00705,Damyanti Chawla,46,Female,Pune,Maharashtra,P4,2025-07-28,Bengali,True
U00706,Oni Swamy,59,Other,Chandigarh,Punjab,P3,2023-05-11,Bengali,True
U00707,Ati Chander,61,Other,Indore,Madhya Pradesh,P2,2026-05-20,Kannada,True
U00708,Zinal Sachar,35,Male,Pune,Maharashtra,P3,2022-09-18,Malayalam,True
U00709,Tara Chad,30,Female,Surat,Gujarat,P1,2025-05-04,Bengali,True
U00710,Meera Borde,35,Other,Surat,Gujarat,P2,2024-11-10,Marathi,True
U00711,Radhika De,25,Other,Ahmedabad,Gujarat,P2,2024-11-26,English,False
U00712,Divya Ramaswamy,51,Female,Nagpur,Maharashtra,P2,2023-06-26,English,False
U00713,Eesha Sethi,50,Other,Jaipur,Rajasthan,P2,2025-05-04,Hindi,True
U00714,Samaksh Deshpande,49,Other,Delhi,Delhi,P1,2023-08-17,Bengali,True
U00715,Nachiket Cherian,33,Other,Ahmedabad,Gujarat,P2,2025-08-28,Hindi,True
U00716,Dipta Ray,34,Other,Indore,Madhya Pradesh,P1,2023-03-13,Hindi,False
U00717,Sarthak Seth,32,Male,Kolkata,West Bengal,P2,2023-01-08,Hindi,True
U00718,Jagdish Chana,61,Other,Lucknow,Uttar Pradesh,P2,2023-10-09,Tamil,True
U00719,Banjeet Kale,55,Female,Bhopal,Madhya Pradesh,P3,2023-03-03,English,True
U00720,Manbir Chand,63,Female,Indore,Madhya Pradesh,P3,2025-11-18,Tamil,True
U00721,Meghana Varghese,28,Other,Chandigarh,Punjab,P2,2025-05-20,Tamil,True
U00722,Abha Ghosh,29,Female,Hyderabad,Telangana,P2,2022-09-25,Gujarati,True
U00723,Sneha Krish,45,Other,Jaipur,Rajasthan,P1,2022-08-30,Marathi,True
U00724,Logan Dara,15,Male,Pune,Maharashtra,P1,2022-12-01,Kannada,True
U00725,Kalpit Hora,17,Female,Bhubaneswar,Odisha,P2,2022-08-02,Bengali,True
U00726,Frado Lad,30,Female,Nagpur,Maharashtra,P4,2025-10-31,Kannada,True
U00727,Anthony Bhattacharyya,37,Other,Delhi,Delhi,P2,2026-03-17,Malayalam,True
U00728,Kabir Chanda,25,Other,Ahmedabad,Gujarat,P2,2023-04-30,Bengali,False
U00729,Jason Basak,26,Male,Chandigarh,Punjab,P2,2026-02-27,Malayalam,False
U00730,Om Sant,24,Female,Kolkata,West Bengal,P1,2026-04-22,Hindi,True
U00731,Watika Balan,46,Male,Coimbatore,Tamil Nadu,P3,2025-10-28,Marathi,False
U00732,Orinder Pandya,30,Male,Bengaluru,Karnataka,P1,2024-01-26,Bengali,True
U00733,Anvi Mammen,22,Other,Kochi,Kerala,P2,2023-05-25,English,False
U00734,Bakhshi Korpal,52,Other,Nagpur,Maharashtra,P1,2024-04-27,Tamil,False
U00735,Nisha Srinivas,26,Male,Bengaluru,Karnataka,P2,2025-02-15,Telugu,False
U00736,Leela Devan,38,Female,Bhopal,Madhya Pradesh,P2,2022-10-13,Hindi,False
U00737,Anirudh Raja,42,Female,Chennai,Tamil Nadu,P4,2024-03-19,English,True
U00738,Varsha Sundaram,22,Other,Surat,Gujarat,P1,2025-08-31,Hindi,True
U00739,Lipika Madan,42,Male,Kochi,Kerala,P2,2023-11-30,English,True
U00740,Theodore Balan,50,Male,Surat,Gujarat,P1,2023-04-04,Tamil,True
U00741,Dalbir Sodhi,40,Female,Bengaluru,Karnataka,P1,2026-02-13,Tamil,True
U00742,Nathaniel Chaudhry,22,Male,Nagpur,Maharashtra,P2,2024-08-27,Telugu,True
U00743,Amaira Walla,64,Other,Mumbai,Maharashtra,P3,2023-07-13,Hindi,True
U00744,Theodore Rama,42,Female,Ahmedabad,Gujarat,P1,2025-10-20,English,True
U00745,Patrick Khalsa,42,Male,Indore,Madhya Pradesh,P2,2023-12-16,Hindi,True
U00746,Ayaan Pandey,51,Other,Lucknow,Uttar Pradesh,P2,2024-11-27,Tamil,True
U00747,Raghav Tailor,55,Female,Chennai,Tamil Nadu,P1,2026-04-30,English,True
U00748,Vritti Barad,50,Male,Bhopal,Madhya Pradesh,P1,2024-09-15,Bengali,True
U00749,Theodore Bahri,41,Male,Mumbai,Maharashtra,P2,2022-11-24,Hindi,True
U00750,Garima Jaggi,31,Other,Delhi,Delhi,P2,2024-08-23,English,True
U00751,Peter Naik,23,Male,Delhi,Delhi,P2,2025-10-06,Bengali,True
U00752,Lucky Choudhry,47,Male,Mumbai,Maharashtra,P1,2022-10-11,English,True
U00753,Elijah Prakash,34,Other,Coimbatore,Tamil Nadu,P1,2025-12-03,Hindi,True
U00754,Harrison Nayar,27,Other,Mumbai,Maharashtra,P1,2025-05-10,Hindi,True
U00755,Nakul Sarkar,42,Male,Bhubaneswar,Odisha,P2,2023-09-29,English,False
U00756,Edhitha Ghosh,62,Male,Indore,Madhya Pradesh,P2,2025-09-14,English,True
U00757,Udant Gill,43,Male,Nagpur,Maharashtra,P1,2025-05-14,Bengali,False
U00758,Joshua Goel,27,Female,Pune,Maharashtra,P2,2024-01-19,English,True
U00759,Bachittar Gopal,60,Other,Nagpur,Maharashtra,P4,2025-06-14,Marathi,True
U00760,Hemang Taneja,49,Male,Mumbai,Maharashtra,P1,2024-12-12,Kannada,False
U00761,Wazir Palan,20,Male,Nagpur,Maharashtra,P1,2023-02-06,Bengali,True
U00762,Gaurang Nayak,32,Other,Hyderabad,Telangana,P4,2026-06-20,Hindi,False
U00763,Shaurya Krish,19,Male,Lucknow,Uttar Pradesh,P1,2024-04-28,Hindi,True
U00764,Aahana Chokshi,61,Female,Delhi,Delhi,P3,2025-04-23,Bengali,True
U00765,Libni Sarma,39,Male,Hyderabad,Telangana,P1,2025-06-02,Hindi,True
U00766,Odika Tailor,16,Female,Kolkata,West Bengal,P1,2025-06-20,Marathi,True
U00767,Keya Chaudhuri,24,Female,Bengaluru,Karnataka,P2,2026-01-24,Hindi,True
U00768,Nicholas Seth,44,Female,Surat,Gujarat,P1,2025-11-07,Bengali,True
U00769,Chaitaly Bahri,64,Male,Patna,Bihar,P2,2022-10-31,Hindi,True
U00770,Ethan Oommen,59,Male,Delhi,Delhi,P4,2023-10-24,Hindi,False
U00771,Naveen Borde,19,Other,Nagpur,Maharashtra,P3,2023-03-21,English,True
U00772,Hamsini Subramanian,47,Other,Chandigarh,Punjab,P2,2024-09-22,Kannada,True
U00773,Nitesh Saraf,15,Female,Chennai,Tamil Nadu,P2,2025-05-10,Hindi,True
U00774,Garima Jha,32,Other,Delhi,Delhi,P1,2023-03-02,English,True
U00775,Alka Manda,46,Other,Indore,Madhya Pradesh,P3,2026-06-08,Bengali,True
U00776,Chandran Ramaswamy,61,Other,Kochi,Kerala,P2,2023-09-23,Bengali,True
U00777,Mitesh Bhagat,63,Other,Ahmedabad,Gujarat,P2,2024-10-28,Bengali,True
U00778,Gagan Menon,25,Other,Coimbatore,Tamil Nadu,P3,2023-12-25,Hindi,True
U00779,Ryan Chatterjee,35,Female,Kolkata,West Bengal,P2,2025-10-31,Malayalam,False
U00780,Bishakha Bumb,40,Female,Bengaluru,Karnataka,P3,2022-08-22,Hindi,False
U00781,Darika Rao,39,Other,Delhi,Delhi,P2,2024-06-06,Tamil,True
U00782,Gavin Ram,36,Female,Ahmedabad,Gujarat,P1,2024-06-03,Bengali,True
U00783,Kala Grover,41,Male,Nagpur,Maharashtra,P2,2023-04-12,Gujarati,True
U00784,Ria Shroff,63,Female,Mumbai,Maharashtra,P1,2024-04-27,Hindi,True
U00785,David Dora,27,Other,Bengaluru,Karnataka,P3,2023-08-04,Tamil,False
U00786,Frederick Padmanabhan,47,Other,Coimbatore,Tamil Nadu,P1,2025-07-19,Telugu,True
U00787,Utkarsh Bhat,48,Female,Delhi,Delhi,P3,2025-10-08,English,True
U00788,Vaishnavi Keer,55,Other,Bhubaneswar,Odisha,P2,2025-11-25,English,True
U00789,Megha Banerjee,49,Male,Hyderabad,Telangana,P3,2024-06-10,Hindi,True
U00790,Jai Sen,15,Female,Lucknow,Uttar Pradesh,P2,2024-07-18,Bengali,True
U00791,Siddharth Hans,35,Other,Kolkata,West Bengal,P2,2023-03-25,Bengali,True
U00792,Farhan Saran,62,Male,Jaipur,Rajasthan,P2,2023-01-16,Hindi,False
U00793,Aarna Nagarajan,20,Male,Pune,Maharashtra,P2,2023-05-07,Bengali,True
U00794,Gagan Rama,42,Other,Patna,Bihar,P1,2026-03-07,Malayalam,True
U00795,Anya Venkatesh,31,Other,Surat,Gujarat,P2,2024-10-05,Marathi,True
U00796,Oni Chowdhury,19,Other,Nagpur,Maharashtra,P1,2024-05-15,Hindi,False
U00797,Harish Cherian,45,Other,Guwahati,Assam,P2,2024-03-12,Bengali,False
U00798,Bhavika Wason,19,Male,Guwahati,Assam,P1,2024-10-15,Hindi,True
U00799,Aishani Rajagopal,52,Other,Bhubaneswar,Odisha,P3,2026-01-21,Kannada,True
U00800,Baljiwan Gera,17,Male,Bhubaneswar,Odisha,P4,2025-02-26,English,False
U00801,Neelima Barad,37,Male,Lucknow,Uttar Pradesh,P2,2023-08-22,Hindi,True
U00802,Wazir Bawa,51,Other,Indore,Madhya Pradesh,P1,2024-02-14,Telugu,True
U00803,Kashish Bahri,51,Male,Coimbatore,Tamil Nadu,P2,2025-07-09,Hindi,True
U00804,Deepa Mand,24,Male,Chandigarh,Punjab,P4,2023-11-21,Gujarati,True
U00805,Vedant Desai,24,Other,Kolkata,West Bengal,P2,2025-11-28,Tamil,True
U00806,Ekani Luthra,33,Other,Chandigarh,Punjab,P2,2023-09-28,Tamil,True
U00807,Raghav Sathe,31,Other,Patna,Bihar,P2,2025-06-14,English,False
U00808,Vedhika Varty,35,Male,Mumbai,Maharashtra,P2,2023-05-20,English,True
U00809,Yutika Dutt,28,Male,Delhi,Delhi,P1,2026-01-02,Gujarati,True
U00810,Krishna Viswanathan,23,Other,Chennai,Tamil Nadu,P3,2022-10-19,Bengali,True
U00811,Oscar Hans,60,Female,Coimbatore,Tamil Nadu,P1,2026-01-20,Hindi,False
U00812,Dalbir Krish,15,Other,Coimbatore,Tamil Nadu,P3,2026-01-14,Tamil,True
U00813,Jalsa Issac,59,Other,Indore,Madhya Pradesh,P3,2022-09-02,English,True
U00814,Yashasvi Ranganathan,27,Other,Bhopal,Madhya Pradesh,P2,2023-08-20,English,True
U00815,Azaan Khurana,18,Male,Mumbai,Maharashtra,P2,2025-01-29,Tamil,True
U00816,Peter Som,15,Other,Surat,Gujarat,P3,2024-01-11,Bengali,True
U00817,Hemangini Gade,63,Other,Guwahati,Assam,P2,2024-11-19,Hindi,True
U00818,Gautam Mane,54,Male,Pune,Maharashtra,P1,2025-11-20,Gujarati,True
U00819,Nicholas Kala,46,Male,Kolkata,West Bengal,P2,2022-08-25,English,True
U00820,Samuel Luthra,48,Male,Coimbatore,Tamil Nadu,P1,2025-12-19,Tamil,True
U00821,Aditya Som,42,Male,Kochi,Kerala,P2,2025-02-21,Hindi,False
U00822,Abhiram Kapur,45,Other,Bhubaneswar,Odisha,P1,2026-03-08,Tamil,True
U00823,Anvi Sampath,22,Other,Nagpur,Maharashtra,P3,2023-07-19,English,True
U00824,Tripti Krishnan,53,Male,Kochi,Kerala,P2,2026-02-13,Telugu,True
U00825,Mekhala Chaudry,40,Other,Kolkata,West Bengal,P2,2023-05-30,English,True
U00826,Barkha Misra,48,Female,Pune,Maharashtra,P2,2022-07-26,English,True
U00827,Devansh Nayar,17,Other,Bhubaneswar,Odisha,P2,2025-04-10,Malayalam,False
U00828,Aradhana Lal,64,Female,Mumbai,Maharashtra,P1,2026-06-28,English,False
U00829,Raghav Doctor,26,Male,Bhubaneswar,Odisha,P4,2025-02-28,Marathi,True
U00830,Dakshesh Raval,15,Male,Kochi,Kerala,P2,2024-08-09,English,True
U00831,Atharv Tank,58,Other,Lucknow,Uttar Pradesh,P1,2025-03-07,Malayalam,True
U00832,Omya Ravel,19,Male,Indore,Madhya Pradesh,P2,2026-07-12,English,True
U00833,Ranveer Oza,44,Male,Kochi,Kerala,P2,2024-02-03,Hindi,False
U00834,Vamakshi Parmer,44,Other,Coimbatore,Tamil Nadu,P2,2025-06-11,Hindi,True
U00835,Pratyush Memon,31,Female,Pune,Maharashtra,P3,2024-07-26,Malayalam,True
U00836,Aarna Goswami,62,Male,Patna,Bihar,P2,2022-12-05,Bengali,True
U00837,Gaurav Kapadia,61,Male,Surat,Gujarat,P2,2026-04-29,Hindi,True
U00838,Osha Narula,37,Other,Jaipur,Rajasthan,P2,2023-12-17,Malayalam,False
U00839,Ubika Dalal,29,Other,Patna,Bihar,P2,2024-01-10,English,True
U00840,Urmi Hayer,51,Other,Bhopal,Madhya Pradesh,P2,2024-06-02,Hindi,True
U00841,Chanchal Sachdev,35,Other,Bengaluru,Karnataka,P3,2024-07-16,Hindi,False
U00842,Laksh Iyer,28,Male,Chandigarh,Punjab,P4,2022-10-02,English,True
U00843,Luke Mutti,16,Female,Bhubaneswar,Odisha,P1,2023-11-28,English,False
U00844,Faris Sura,25,Other,Mumbai,Maharashtra,P2,2025-12-26,Hindi,True
U00845,Dhriti Bhardwaj,53,Other,Coimbatore,Tamil Nadu,P1,2023-11-13,Hindi,True
U00846,Shaurya Ganguly,52,Male,Chandigarh,Punjab,P4,2022-07-22,Telugu,True
U00847,Vrishti Chakrabarti,48,Other,Hyderabad,Telangana,P1,2024-11-03,Tamil,True
U00848,Pushti Raval,52,Other,Bengaluru,Karnataka,P1,2023-01-21,Bengali,True
U00849,Leela Agrawal,64,Other,Pune,Maharashtra,P2,2024-04-02,Malayalam,True
U00850,Kashvi Atwal,48,Female,Kolkata,West Bengal,P1,2022-09-09,Hindi,True
U00851,Andrew Agrawal,32,Other,Guwahati,Assam,P3,2026-02-08,Telugu,True
U00852,Upkaar Padmanabhan,44,Female,Lucknow,Uttar Pradesh,P2,2025-01-16,Hindi,True
U00853,Leela Thakur,29,Female,Nagpur,Maharashtra,P4,2023-10-14,Hindi,True
U00854,Dhruv Bath,41,Male,Hyderabad,Telangana,P1,2024-11-22,Kannada,True
U00855,Tamanna Venkatesh,48,Other,Surat,Gujarat,P1,2023-09-24,English,True
U00856,Radha Desai,52,Female,Guwahati,Assam,P2,2024-12-03,Marathi,True
U00857,Jagrati Guha,47,Male,Kochi,Kerala,P1,2023-11-28,Bengali,True
U00858,Anirudh Kari,38,Male,Jaipur,Rajasthan,P3,2023-03-13,Bengali,True
U00859,Siddharth Bains,29,Female,Nagpur,Maharashtra,P2,2023-06-08,Bengali,True
U00860,Jatin Peri,44,Other,Hyderabad,Telangana,P1,2024-11-23,Hindi,True
U00861,Keya Kumer,56,Male,Chennai,Tamil Nadu,P3,2025-05-19,English,False
U00862,Chanakya Chokshi,31,Male,Bengaluru,Karnataka,P2,2025-08-15,Malayalam,True
U00863,Chanakya D’Alia,19,Other,Guwahati,Assam,P2,2025-02-24,Hindi,True
U00864,Jatin Krishnan,43,Other,Jaipur,Rajasthan,P2,2024-03-15,Telugu,True
U00865,Samesh Andra,18,Other,Chandigarh,Punjab,P2,2024-06-08,Bengali,True
U00866,Zinal Madan,24,Male,Surat,Gujarat,P2,2023-09-28,English,True
U00867,Omya Cheema,31,Other,Ahmedabad,Gujarat,P3,2025-01-10,Bengali,True
U00868,Barkha Comar,24,Male,Chennai,Tamil Nadu,P2,2024-08-01,Telugu,True
U00869,Rushil Iyengar,31,Female,Chennai,Tamil Nadu,P2,2025-09-04,Marathi,True
U00870,Ishita Rout,34,Female,Nagpur,Maharashtra,P1,2025-08-25,English,True
U00871,Watika Johal,38,Female,Pune,Maharashtra,P2,2023-09-20,English,False
U00872,Ganga Keer,19,Other,Delhi,Delhi,P1,2025-04-16,English,True
U00873,Indrajit Tak,48,Female,Indore,Madhya Pradesh,P2,2022-07-20,Malayalam,True
U00874,Yasti Borde,20,Female,Coimbatore,Tamil Nadu,P2,2023-02-18,Tamil,True
U00875,Aahana Kashyap,16,Female,Bengaluru,Karnataka,P2,2025-06-07,Punjabi,True
U00876,Aishani Shetty,27,Female,Bhopal,Madhya Pradesh,P2,2024-05-13,Telugu,True
U00877,Balveer Mannan,57,Male,Bhubaneswar,Odisha,P1,2022-09-27,English,True
U00878,Pooja D’Alia,57,Male,Indore,Madhya Pradesh,P2,2023-12-24,Hindi,True
U00879,Aditya Devi,62,Male,Bhubaneswar,Odisha,P2,2022-12-01,Bengali,True
U00880,Falguni Parmar,25,Female,Kochi,Kerala,P2,2025-03-11,Bengali,True
U00881,Girik Pradhan,61,Female,Guwahati,Assam,P1,2026-02-11,Hindi,True
U00882,Ishaan Rattan,37,Male,Guwahati,Assam,P2,2025-10-18,Tamil,True
U00883,Anita Rajan,30,Male,Guwahati,Assam,P1,2024-02-20,English,True
U00884,Oviya Ganesan,45,Other,Bhopal,Madhya Pradesh,P2,2025-04-18,Tamil,False
U00885,Nathaniel Chawla,25,Male,Lucknow,Uttar Pradesh,P4,2022-12-28,English,False
U00886,Raksha Golla,30,Female,Nagpur,Maharashtra,P1,2024-03-14,Tamil,True
U00887,Ayush De,22,Other,Kolkata,West Bengal,P2,2024-12-25,English,True
U00888,Isaiah Sabharwal,18,Other,Kochi,Kerala,P4,2024-06-20,Tamil,True
U00889,Advika Murthy,54,Male,Bhopal,Madhya Pradesh,P1,2024-04-19,Hindi,False
U00890,Hamsini Venkataraman,18,Male,Indore,Madhya Pradesh,P2,2022-08-03,Tamil,True
U00891,Rachita Kothari,39,Other,Bhubaneswar,Odisha,P2,2024-08-18,Telugu,True
U00892,Manthan Bhagat,17,Other,Nagpur,Maharashtra,P2,2024-06-19,Telugu,True
U00893,Yashasvi Singh,46,Female,Patna,Bihar,P2,2022-08-02,Kannada,True
U00894,Falan Swamy,17,Female,Patna,Bihar,P1,2025-12-11,Bengali,True
U00895,Arunima Bedi,41,Other,Guwahati,Assam,P3,2023-10-27,Tamil,True
U00896,Neha Keer,43,Male,Jaipur,Rajasthan,P2,2024-07-25,Kannada,True
U00897,Sara Chakrabarti,46,Female,Bhubaneswar,Odisha,P3,2022-11-08,English,True
U00898,Diya Dani,64,Male,Mumbai,Maharashtra,P2,2025-12-18,Telugu,True
U00899,Harshil Raval,33,Female,Pune,Maharashtra,P2,2026-06-17,English,True
U00900,Gavin Modi,35,Female,Patna,Bihar,P2,2024-03-09,English,True
U00901,Tanmayi Om,19,Female,Guwahati,Assam,P2,2026-02-05,Gujarati,True
U00902,Udant Sha,32,Other,Pune,Maharashtra,P2,2023-12-28,Telugu,True
U00903,Januja Sethi,42,Female,Coimbatore,Tamil Nadu,P2,2023-11-13,Tamil,True
U00904,Aarnav Om,56,Other,Bhopal,Madhya Pradesh,P2,2022-12-29,Hindi,True
U00905,Kashvi Cherian,36,Other,Kolkata,West Bengal,P1,2023-12-16,English,True
U00906,Waida Dey,35,Other,Coimbatore,Tamil Nadu,P2,2022-09-20,Bengali,True
U00907,Hredhaan Kumar,20,Male,Mumbai,Maharashtra,P3,2025-10-28,Telugu,True
U00908,Jai Ramaswamy,15,Male,Bengaluru,Karnataka,P1,2024-12-24,English,True
U00909,Hamsini Chokshi,19,Female,Bhopal,Madhya Pradesh,P4,2023-05-26,Tamil,True
U00910,Jatin Seshadri,55,Male,Bhubaneswar,Odisha,P1,2025-07-26,Tamil,True
U00911,Wishi Agrawal,26,Other,Pune,Maharashtra,P3,2024-05-14,English,True
U00912,Rachita Subramanian,40,Other,Bhubaneswar,Odisha,P2,2024-08-28,Hindi,True
U00913,Oscar Dave,60,Other,Delhi,Delhi,P2,2026-03-27,Hindi,True
U00914,Yamini Rajagopalan,48,Female,Jaipur,Rajasthan,P3,2022-12-14,Bengali,True
U00915,Anusha Rao,63,Other,Pune,Maharashtra,P2,2024-03-18,Bengali,False
U00916,Sneha Deol,28,Other,Coimbatore,Tamil Nadu,P1,2026-05-23,Kannada,True
U00917,Dipta Kalla,40,Male,Jaipur,Rajasthan,P1,2023-02-02,Telugu,True
U00918,Hemani Deo,59,Female,Mumbai,Maharashtra,P1,2023-05-05,Telugu,True
U00919,Yahvi Naidu,41,Male,Indore,Madhya Pradesh,P1,2026-06-18,Bengali,False
U00920,Varsha Sahni,23,Other,Coimbatore,Tamil Nadu,P3,2025-05-18,English,True
U00921,Pahal Arya,40,Male,Bhopal,Madhya Pradesh,P2,2025-03-27,Bengali,False
U00922,Lakshmi Dhillon,61,Other,Surat,Gujarat,P2,2024-08-17,Malayalam,True
U00923,Ryan Loke,36,Other,Jaipur,Rajasthan,P1,2022-10-01,Bengali,True
U00924,Bhavini Krishna,61,Female,Ahmedabad,Gujarat,P3,2025-07-16,Marathi,True
U00925,Chakrika Jani,44,Female,Mumbai,Maharashtra,P2,2023-02-14,Hindi,True
U00926,Jagrati Sethi,57,Male,Kochi,Kerala,P1,2025-07-21,Telugu,True
U00927,Lopa Khanna,62,Other,Guwahati,Assam,P1,2022-12-12,Bengali,False
U00928,Champak Raj,31,Male,Nagpur,Maharashtra,P2,2024-07-31,Bengali,False
U00929,Chatura Arya,40,Male,Pune,Maharashtra,P1,2024-02-02,Malayalam,True
U00930,Saanvi Kar,50,Male,Hyderabad,Telangana,P1,2025-07-06,Bengali,True
U00931,Ronith Hari,15,Other,Bhubaneswar,Odisha,P1,2026-03-08,Marathi,False
U00932,Falan Grover,22,Female,Chandigarh,Punjab,P2,2023-09-18,Kannada,False
U00933,Krishna Baria,63,Female,Guwahati,Assam,P3,2026-05-22,Hindi,True
U00934,Kalpit Dyal,49,Male,Indore,Madhya Pradesh,P1,2024-04-02,Bengali,True
U00935,Abdul Narayanan,29,Female,Indore,Madhya Pradesh,P3,2024-11-15,Marathi,True
U00936,Balveer Dube,61,Other,Chandigarh,Punjab,P2,2024-05-27,Bengali,True
U00937,Charvi Swaminathan,36,Female,Hyderabad,Telangana,P2,2026-04-02,English,True
U00938,Elijah Nadkarni,28,Male,Pune,Maharashtra,P2,2025-09-12,English,True
U00939,Ekansh Tiwari,40,Female,Jaipur,Rajasthan,P1,2024-08-21,Hindi,True
U00940,George Palla,42,Male,Bhubaneswar,Odisha,P1,2023-03-05,Telugu,True
U00941,Garima Narula,37,Female,Chandigarh,Punjab,P2,2023-06-04,English,True
U00942,Vaishnavi Andra,28,Other,Chennai,Tamil Nadu,P4,2023-12-25,Hindi,True
U00943,Sanaya Khosla,38,Other,Jaipur,Rajasthan,P3,2022-12-30,English,True
U00944,Balveer Nagi,16,Other,Chennai,Tamil Nadu,P3,2026-02-26,Hindi,True
U00945,Libni Kunda,59,Male,Kolkata,West Bengal,P2,2024-01-24,Gujarati,False
U00946,Aryan Varughese,40,Female,Indore,Madhya Pradesh,P2,2024-09-12,Bengali,True
U00947,Yoshita Trivedi,28,Male,Coimbatore,Tamil Nadu,P3,2025-10-29,English,True
U00948,Chaman Hans,21,Female,Delhi,Delhi,P1,2024-04-26,Telugu,True
U00949,Gopal Ganesh,17,Female,Surat,Gujarat,P2,2023-10-26,English,True
U00950,Dominic Kade,61,Female,Jaipur,Rajasthan,P1,2026-06-04,Hindi,False
U00951,Panini Chawla,37,Other,Bhubaneswar,Odisha,P1,2025-03-21,Tamil,True
U00952,Ekbal Dube,60,Other,Lucknow,Uttar Pradesh,P2,2023-05-12,Telugu,True
U00953,Baljiwan Chahal,57,Female,Surat,Gujarat,P3,2022-08-19,Tamil,True
U00954,Zayan Bobal,61,Other,Chennai,Tamil Nadu,P3,2022-10-31,Bengali,True
U00955,Aarna Reddy,59,Male,Bhubaneswar,Odisha,P2,2024-11-02,Hindi,True
U00956,Rachita Mutti,32,Female,Kochi,Kerala,P1,2024-02-02,Bengali,True
U00957,Abeer Bhatnagar,52,Female,Bhopal,Madhya Pradesh,P1,2022-08-09,Bengali,False
U00958,Elijah Parmar,49,Female,Guwahati,Assam,P2,2025-07-24,English,True
U00959,Bimala Mitra,29,Male,Mumbai,Maharashtra,P1,2026-04-01,Bengali,False
U00960,Raksha Raj,39,Female,Bengaluru,Karnataka,P1,2024-12-18,Hindi,True
U00961,Urvi Dugar,51,Male,Nagpur,Maharashtra,P2,2024-02-13,Bengali,True
U00962,Mahika Merchant,42,Other,Bengaluru,Karnataka,P1,2024-09-02,Hindi,True
U00963,Chanchal Prakash,24,Male,Bhopal,Madhya Pradesh,P1,2026-05-18,Bengali,True
U00964,Lohit Dasgupta,53,Male,Chennai,Tamil Nadu,P1,2026-05-14,Hindi,True
U00965,Frederick Mody,31,Female,Kochi,Kerala,P3,2022-09-15,Punjabi,True
U00966,Siddharth Sachar,53,Male,Jaipur,Rajasthan,P2,2023-05-18,Punjabi,True
U00967,Naveen Gour,36,Female,Kolkata,West Bengal,P2,2026-02-28,Tamil,True
U00968,Rishi Contractor,40,Other,Guwahati,Assam,P2,2023-06-03,Tamil,True
U00969,Triya Bora,58,Male,Chandigarh,Punjab,P2,2023-04-06,Bengali,True
U00970,Zashil Chaudhari,39,Male,Chandigarh,Punjab,P2,2023-09-13,English,True
U00971,Ganga Parikh,31,Female,Chennai,Tamil Nadu,P1,2023-04-30,Telugu,True
U00972,Harish Mane,27,Female,Nagpur,Maharashtra,P4,2023-01-19,English,True
U00973,Eesha Sunder,34,Male,Lucknow,Uttar Pradesh,P2,2025-01-06,Telugu,True
U00974,Michael Patla,39,Male,Coimbatore,Tamil Nadu,P2,2024-05-04,Hindi,True
U00975,Om Agrawal,18,Male,Bhopal,Madhya Pradesh,P3,2025-10-08,English,True
U00976,Rajata Malhotra,24,Other,Ahmedabad,Gujarat,P2,2023-10-16,Bengali,True
U00977,Garima Srinivasan,17,Other,Lucknow,Uttar Pradesh,P2,2025-11-24,Bengali,True
U00978,Dalaja Sur,55,Female,Bengaluru,Karnataka,P1,2024-05-22,Hindi,True
U00979,Finn Mand,59,Other,Surat,Gujarat,P1,2024-09-28,Telugu,True
U00980,Ronith Lall,32,Other,Chennai,Tamil Nadu,P1,2025-12-21,Hindi,False
U00981,Faqid Bahl,61,Other,Lucknow,Uttar Pradesh,P1,2025-06-21,English,True
U00982,Nidhi Kala,50,Female,Bengaluru,Karnataka,P1,2025-12-08,Hindi,True
U00983,Urmi Dixit,61,Female,Nagpur,Maharashtra,P4,2026-03-01,Bengali,True
U00984,Bina Desai,36,Male,Bengaluru,Karnataka,P3,2024-01-01,Hindi,True
U00985,Mekhala Patla,48,Male,Bengaluru,Karnataka,P2,2024-05-24,Hindi,False
U00986,Noah Varkey,61,Male,Bhopal,Madhya Pradesh,P3,2024-07-18,Punjabi,True
U00987,Praneel Dhingra,22,Female,Bhopal,Madhya Pradesh,P3,2023-02-06,Hindi,False
U00988,Jagrati Baria,54,Male,Pune,Maharashtra,P2,2025-06-25,Telugu,False
U00989,Vincent Bhatnagar,63,Female,Nagpur,Maharashtra,P2,2023-05-31,Marathi,True
U00990,Brijesh Jhaveri,58,Other,Delhi,Delhi,P2,2023-08-06,Telugu,True
U00991,Lipika Singh,33,Male,Lucknow,Uttar Pradesh,P1,2024-08-10,Malayalam,True
U00992,Balveer Naik,56,Female,Hyderabad,Telangana,P1,2026-03-18,English,True
U00993,Adya Ghosh,55,Female,Jaipur,Rajasthan,P2,2022-12-13,Bengali,True
U00994,Jasmit Brahmbhatt,51,Other,Delhi,Delhi,P2,2024-01-17,Telugu,True
U00995,Udant Varty,20,Male,Chandigarh,Punjab,P3,2024-08-08,Hindi,True
U00996,Vidhi Subramaniam,40,Other,Bhubaneswar,Odisha,P1,2024-02-28,Hindi,True
U00997,Yachana Dewan,48,Male,Chennai,Tamil Nadu,P2,2026-02-01,Hindi,True
U00998,Faraj Varkey,59,Female,Coimbatore,Tamil Nadu,P3,2024-04-18,Bengali,True
U00999,Mason Grover,20,Female,Pune,Maharashtra,P1,2025-02-10,English,True
U01000,Victor Sachdeva,51,Female,Delhi,Delhi,P2,2023-03-02,Telugu,True
U01001,Vasatika Srinivas,47,Male,Nagpur,Maharashtra,P1,2025-10-13,Telugu,True
U01002,Nirja Bains,36,Other,Surat,Gujarat,P1,2024-06-14,Kannada,True
U01003,Naveen Desai,35,Female,Bengaluru,Karnataka,P2,2023-07-07,English,True
U01004,Manan Bhalla,20,Other,Chandigarh,Punjab,P2,2025-01-20,Telugu,True
U01005,Zansi Ravi,20,Female,Mumbai,Maharashtra,P2,2023-03-16,Bengali,True
U01006,Bhanumati Chada,62,Other,Bengaluru,Karnataka,P2,2024-12-07,Malayalam,True
U01007,Vasatika Garde,18,Male,Nagpur,Maharashtra,P3,2023-05-28,Tamil,True
U01008,Luke Gopal,44,Other,Kochi,Kerala,P1,2023-06-01,Tamil,True
U01009,Oliver Oommen,25,Male,Chennai,Tamil Nadu,P1,2025-01-11,Hindi,True
U01010,Victor Radhakrishnan,44,Other,Hyderabad,Telangana,P1,2026-03-24,Malayalam,True
U01011,Amol Jain,45,Other,Indore,Madhya Pradesh,P2,2024-01-30,English,True
U01012,Mason Char,38,Male,Bhubaneswar,Odisha,P2,2024-08-17,Marathi,True
U01013,Yahvi Dalal,23,Male,Nagpur,Maharashtra,P4,2023-04-01,Telugu,True
U01014,Aarav Sankar,17,Female,Chandigarh,Punjab,P2,2022-11-29,Malayalam,True
U01015,Caleb Wagle,45,Female,Delhi,Delhi,P3,2024-08-16,Telugu,True
U01016,Lakshmi Palla,54,Male,Lucknow,Uttar Pradesh,P1,2024-04-02,Punjabi,True
U01017,Pavani Desai,51,Male,Ahmedabad,Gujarat,P2,2024-11-22,Hindi,True
U01018,Fiyaz Mander,50,Male,Guwahati,Assam,P2,2023-07-22,Telugu,True
U01019,Aarini Gulati,38,Other,Hyderabad,Telangana,P3,2024-12-06,English,True
U01020,Jacob Venkatesh,45,Male,Patna,Bihar,P3,2022-07-23,Bengali,True
U01021,Diya Rege,20,Male,Indore,Madhya Pradesh,P1,2022-07-26,Telugu,True
U01022,Pooja Kulkarni,16,Other,Chandigarh,Punjab,P4,2023-12-27,Gujarati,True
U01023,Jasmit Majumdar,34,Other,Chandigarh,Punjab,P2,2023-08-01,English,True
U01024,Samar Sachdev,42,Other,Bhubaneswar,Odisha,P1,2026-07-04,Hindi,True
U01025,Praneel Prabhakar,25,Female,Jaipur,Rajasthan,P2,2024-09-29,English,True
U01026,Zehaan Mohanty,18,Other,Delhi,Delhi,P4,2024-10-09,Hindi,True
U01027,Lakshit Dani,29,Male,Lucknow,Uttar Pradesh,P1,2024-11-05,Hindi,True
U01028,Neel Chaudhry,20,Other,Jaipur,Rajasthan,P4,2025-07-12,Telugu,False
U01029,Hamsini Ben,63,Female,Chennai,Tamil Nadu,P1,2023-05-25,English,True
U01030,Gavin Dhillon,44,Male,Chandigarh,Punjab,P3,2023-03-07,Hindi,True
U01031,Gaurang Bhatt,52,Other,Bengaluru,Karnataka,P2,2024-06-04,Kannada,True
U01032,Fariq Barad,16,Male,Kochi,Kerala,P3,2023-08-04,Telugu,False
U01033,Bhavini Bhandari,29,Male,Guwahati,Assam,P3,2025-06-08,Tamil,True
U01034,Warda Sarna,25,Male,Guwahati,Assam,P2,2026-04-27,Marathi,True
U01035,Robert Bandi,22,Male,Patna,Bihar,P2,2022-07-31,Malayalam,True
U01036,Omkaar Banik,40,Other,Bhubaneswar,Odisha,P4,2025-09-03,Bengali,True
U01037,Nakul Chadha,59,Female,Lucknow,Uttar Pradesh,P2,2023-12-23,Telugu,True
U01038,Ira Rana,58,Male,Indore,Madhya Pradesh,P2,2026-07-11,Hindi,True
U01039,Zarna Aurora,19,Other,Bhopal,Madhya Pradesh,P4,2024-02-28,Tamil,True
U01040,Gautam Mane,20,Female,Patna,Bihar,P1,2025-06-26,Hindi,True
U01041,Idika Malhotra,40,Male,Nagpur,Maharashtra,P2,2025-06-10,Telugu,True
U01042,Suhani Raval,18,Other,Bhopal,Madhya Pradesh,P2,2023-06-11,Hindi,True
U01043,Parth Ray,33,Female,Coimbatore,Tamil Nadu,P1,2024-11-01,Tamil,True
U01044,Yahvi Menon,34,Other,Bhubaneswar,Odisha,P4,2024-07-24,Hindi,True
U01045,Yochana Kurian,47,Other,Patna,Bihar,P1,2023-11-24,Hindi,True
U01046,Saanvi Purohit,34,Male,Patna,Bihar,P2,2026-01-16,English,True
U01047,Harinakshi Shanker,63,Male,Mumbai,Maharashtra,P3,2024-10-15,Gujarati,True
U01048,Vasatika Dada,26,Female,Surat,Gujarat,P2,2025-04-06,Hindi,True
U01049,Thomas Karpe,61,Male,Pune,Maharashtra,P2,2023-07-27,Bengali,False
U01050,Ira Varty,15,Male,Hyderabad,Telangana,P2,2025-09-27,Marathi,False
U01051,Yuvraj Mani,40,Other,Lucknow,Uttar Pradesh,P1,2024-09-05,Bengali,True
U01052,Faqid Gokhale,28,Male,Nagpur,Maharashtra,P1,2022-11-28,Bengali,True
U01053,Tejas Luthra,52,Female,Coimbatore,Tamil Nadu,P2,2024-06-11,Telugu,True
U01054,Wishi Iyengar,51,Other,Chennai,Tamil Nadu,P2,2023-04-09,Hindi,True
U01055,Alka Jhaveri,25,Male,Indore,Madhya Pradesh,P1,2023-06-24,Hindi,True
U01056,Ishani Dugal,50,Female,Bhubaneswar,Odisha,P1,2023-06-15,Tamil,True
U01057,Farhan Tailor,27,Other,Bhopal,Madhya Pradesh,P2,2025-08-27,Malayalam,True
U01058,Vasatika Prabhu,57,Other,Hyderabad,Telangana,P1,2024-12-28,English,False
U01059,Anvi Swaminathan,17,Male,Indore,Madhya Pradesh,P4,2025-01-07,Kannada,True
U01060,Mitali Kapadia,47,Male,Bhubaneswar,Odisha,P2,2023-04-09,Hindi,False
U01061,Chatura Vora,20,Male,Coimbatore,Tamil Nadu,P4,2025-07-15,Hindi,False
U01062,Bachittar Thakkar,64,Female,Lucknow,Uttar Pradesh,P1,2025-09-25,Bengali,True
U01063,Tanvi Dara,24,Female,Chandigarh,Punjab,P2,2023-12-05,Hindi,False
U01064,Diya Anand,19,Male,Indore,Madhya Pradesh,P1,2025-05-01,Tamil,False
U01065,Ladli Chaudhuri,37,Female,Mumbai,Maharashtra,P4,2022-08-02,Hindi,True
U01066,Rachit Lall,24,Male,Bhopal,Madhya Pradesh,P2,2023-11-03,Bengali,True
U01067,Hemal Pau,58,Other,Bhubaneswar,Odisha,P3,2023-06-27,Hindi,True
U01068,Shivansh Saini,16,Female,Chennai,Tamil Nadu,P2,2023-04-10,Kannada,True
U01069,Janya Rattan,27,Other,Coimbatore,Tamil Nadu,P1,2025-05-04,Hindi,True
U01070,Karan Karnik,54,Female,Pune,Maharashtra,P3,2023-08-28,Bengali,False
U01071,Warinder Sankaran,16,Male,Chennai,Tamil Nadu,P2,2025-10-17,Tamil,True
U01072,Madhav Doctor,34,Other,Kolkata,West Bengal,P1,2025-12-18,Telugu,True
U01073,Patrick Sama,15,Male,Kolkata,West Bengal,P1,2024-06-06,Bengali,True
U01074,Vidhi Mital,51,Female,Patna,Bihar,P4,2024-07-14,English,False
U01075,Mitali Chaudhary,23,Male,Jaipur,Rajasthan,P1,2023-07-17,Hindi,True
U01076,Tanveer Kumar,31,Other,Bhubaneswar,Odisha,P2,2025-04-19,Telugu,True
U01077,Shivani Natt,23,Male,Ahmedabad,Gujarat,P1,2024-06-11,English,True
U01078,Aarini Padmanabhan,25,Other,Nagpur,Maharashtra,P1,2023-07-30,Telugu,True
U01079,Indali Issac,29,Female,Kolkata,West Bengal,P3,2022-08-13,Telugu,True
U01080,Bhavani Pant,38,Male,Ahmedabad,Gujarat,P1,2024-11-04,Marathi,False
U01081,Sanya Brar,52,Male,Ahmedabad,Gujarat,P2,2023-11-02,Bengali,True
U01082,Ubika Dhillon,49,Female,Surat,Gujarat,P3,2024-01-23,Bengali,False
U01083,Oviya Ravel,44,Male,Ahmedabad,Gujarat,P2,2026-01-04,Tamil,False
U01084,Fariq Edwin,45,Other,Kochi,Kerala,P2,2025-12-07,Tamil,True
U01085,Edhitha Manne,63,Female,Delhi,Delhi,P2,2023-11-30,Telugu,False
U01086,Anika Saxena,19,Female,Ahmedabad,Gujarat,P2,2025-05-18,Gujarati,True
U01087,Shravya Sachdev,58,Other,Bhopal,Madhya Pradesh,P2,2025-08-30,Punjabi,True
U01088,Jeremiah Keer,64,Female,Surat,Gujarat,P2,2023-03-17,Bengali,True
U01089,Shivansh Ganesan,28,Other,Kolkata,West Bengal,P2,2025-03-09,Kannada,True
U01090,Devansh Solanki,25,Other,Chennai,Tamil Nadu,P2,2024-02-16,Telugu,True
U01091,Mekhala Viswanathan,23,Other,Hyderabad,Telangana,P1,2024-09-24,Marathi,True
U01092,Hemang Lala,48,Female,Chennai,Tamil Nadu,P2,2025-08-06,Telugu,True
U01093,Madhavi More,26,Male,Guwahati,Assam,P3,2025-01-04,Kannada,True
U01094,Saanvi Date,49,Other,Kochi,Kerala,P2,2023-06-16,Bengali,True
U01095,Ayush Banerjee,49,Other,Hyderabad,Telangana,P1,2023-01-23,English,True
U01096,Vamakshi Sibal,15,Other,Indore,Madhya Pradesh,P2,2025-03-11,Bengali,True
U01097,Sai Deshmukh,54,Female,Kolkata,West Bengal,P2,2026-06-09,Hindi,True
U01098,Tanmayi Saran,36,Other,Kochi,Kerala,P2,2026-06-01,Malayalam,True
U01099,Idika Subramaniam,43,Other,Chennai,Tamil Nadu,P1,2024-08-18,Hindi,True
U01100,Riya Morar,22,Male,Surat,Gujarat,P1,2024-09-11,Hindi,True
U01101,Nachiket Mitter,25,Female,Pune,Maharashtra,P1,2024-01-01,Hindi,True
U01102,Hemangini Mangat,55,Male,Nagpur,Maharashtra,P2,2022-07-31,Tamil,True
U01103,Vyanjana Sood,51,Female,Pune,Maharashtra,P2,2024-05-31,Telugu,True
U01104,Brinda Kashyap,28,Male,Bhubaneswar,Odisha,P2,2023-09-26,Kannada,True
U01105,Ranbir Sabharwal,44,Male,Coimbatore,Tamil Nadu,P3,2025-09-22,Hindi,True
U01106,Megha Krish,49,Male,Chandigarh,Punjab,P1,2026-01-24,Bengali,False
U01107,Kritika Kannan,35,Male,Lucknow,Uttar Pradesh,P1,2023-03-11,Hindi,True
U01108,Wriddhish Varughese,51,Female,Kolkata,West Bengal,P1,2023-08-04,Tamil,True
U01109,Bhavani Wali,19,Other,Bhubaneswar,Odisha,P2,2025-08-05,Hindi,True
U01110,Raghav Biswas,33,Male,Guwahati,Assam,P2,2025-10-09,Hindi,True
U01111,Indrajit Shah,28,Male,Chandigarh,Punjab,P3,2023-04-08,Bengali,False
U01112,Vyanjana Guha,40,Male,Bengaluru,Karnataka,P1,2025-01-03,Hindi,False
U01113,Chandran Warrior,18,Other,Kochi,Kerala,P2,2023-10-27,Hindi,True
U01114,Baghyawati Luthra,39,Other,Delhi,Delhi,P1,2022-08-17,Punjabi,True
U01115,Abhiram Kaul,59,Other,Bengaluru,Karnataka,P2,2023-01-14,Tamil,True
U01116,Wakeeta Kalla,56,Female,Lucknow,Uttar Pradesh,P2,2022-11-24,English,True
U01117,Wishi Prabhu,39,Male,Bhubaneswar,Odisha,P2,2023-11-27,Tamil,True
U01118,Ganga Buch,32,Male,Nagpur,Maharashtra,P2,2024-05-23,Kannada,True
U01119,Daksh Lata,54,Male,Lucknow,Uttar Pradesh,P4,2025-11-29,Hindi,True
U01120,Upma Golla,22,Male,Hyderabad,Telangana,P2,2025-08-22,Bengali,False
U01121,Lakshmi Arora,53,Female,Patna,Bihar,P1,2023-04-22,Telugu,True
U01122,Lekha Savant,54,Other,Mumbai,Maharashtra,P2,2023-01-10,English,True
U01123,Rushil Sharma,28,Other,Lucknow,Uttar Pradesh,P1,2023-07-12,English,True
U01124,Sathvik Solanki,46,Other,Kochi,Kerala,P1,2025-06-24,Telugu,False
U01125,Ekantika Dutt,52,Female,Kolkata,West Bengal,P1,2024-02-04,Marathi,True
U01126,Jason Kulkarni,47,Other,Nagpur,Maharashtra,P3,2025-01-20,Hindi,True
U01127,Rushil Patel,37,Other,Surat,Gujarat,P3,2024-06-18,Kannada,True
U01128,Isaiah Keer,29,Male,Patna,Bihar,P4,2026-02-01,Malayalam,True
U01129,Alexander Ganesh,47,Male,Kochi,Kerala,P2,2025-01-25,Hindi,True
U01130,Meghana Kibe,39,Male,Chandigarh,Punjab,P1,2025-09-18,English,True
U01131,Vaishnavi Dubey,31,Male,Bhopal,Madhya Pradesh,P2,2022-07-29,Tamil,True
U01132,Yuvraj Dugar,47,Female,Bhubaneswar,Odisha,P1,2024-01-09,Bengali,True
U01133,Darpan Bhasin,61,Male,Delhi,Delhi,P1,2024-07-15,Telugu,True
U01134,Hredhaan Dass,16,Female,Surat,Gujarat,P3,2023-12-17,Hindi,True
U01135,Idika Sarna,28,Male,Hyderabad,Telangana,P2,2024-06-27,Bengali,False
U01136,Krishna Parmar,54,Female,Surat,Gujarat,P2,2025-06-21,Kannada,True
U01137,Balveer Sundaram,54,Other,Kochi,Kerala,P4,2025-06-08,Kannada,True
U01138,Vrishti Gupta,53,Male,Kochi,Kerala,P1,2025-05-13,Malayalam,False
U01139,Ekiya Sidhu,20,Male,Chennai,Tamil Nadu,P1,2024-10-20,Telugu,True
U01140,Ekapad Wali,20,Female,Indore,Madhya Pradesh,P1,2023-08-22,Marathi,True
U01141,Adya Peri,17,Female,Bhubaneswar,Odisha,P3,2023-02-27,Telugu,True
U01142,Qasim Bahl,21,Other,Indore,Madhya Pradesh,P3,2024-05-09,English,True
U01143,William Nagi,22,Male,Lucknow,Uttar Pradesh,P2,2025-01-06,English,True
U01144,Ranveer Viswanathan,56,Female,Jaipur,Rajasthan,P2,2025-06-03,Bengali,True
U01145,Barkha Naidu,29,Male,Kolkata,West Bengal,P1,2025-04-09,Marathi,True
U01146,Indrajit Char,61,Female,Hyderabad,Telangana,P1,2024-03-05,Telugu,True
U01147,Caleb Dayal,43,Male,Lucknow,Uttar Pradesh,P2,2024-08-18,Hindi,True
U01148,Saksham Chhabra,47,Male,Kochi,Kerala,P2,2023-04-02,Hindi,True
U01149,Azad Rama,44,Male,Delhi,Delhi,P1,2024-06-24,Hindi,True
U01150,Chandran Peri,53,Other,Bhubaneswar,Odisha,P3,2025-03-03,Malayalam,True
U01151,Agastya Joshi,41,Female,Bhubaneswar,Odisha,P2,2023-06-03,Malayalam,True
U01152,Upadhriti Bhat,50,Female,Coimbatore,Tamil Nadu,P1,2025-02-28,Telugu,True
U01153,Jyoti Bhardwaj,43,Female,Surat,Gujarat,P1,2023-12-25,Bengali,True
U01154,Banjeet Bobal,52,Male,Surat,Gujarat,P2,2025-10-31,Hindi,False
U01155,Tarak Venkataraman,47,Female,Jaipur,Rajasthan,P4,2025-11-16,Hindi,False
U01156,Lekha Gupta,51,Female,Kochi,Kerala,P3,2022-12-04,Telugu,True
U01157,Praneel Sagar,41,Female,Nagpur,Maharashtra,P1,2023-04-24,Telugu,True
U01158,Tara Sane,47,Male,Chandigarh,Punjab,P2,2025-07-10,Telugu,True
U01159,Pranit Ratti,18,Other,Hyderabad,Telangana,P1,2026-01-25,Hindi,True
U01160,Saanvi Pandey,36,Female,Surat,Gujarat,P2,2024-07-22,Hindi,True
U01161,Kamya Sachar,16,Female,Kolkata,West Bengal,P4,2026-02-23,Hindi,True
U01162,Ekiya Khosla,24,Female,Guwahati,Assam,P2,2025-08-05,Telugu,True
U01163,Keya Kumar,19,Other,Ahmedabad,Gujarat,P1,2024-10-15,Hindi,False
U01164,Sara Ranganathan,24,Male,Guwahati,Assam,P3,2023-12-23,Tamil,True
U01165,Bhavani Babu,47,Female,Coimbatore,Tamil Nadu,P1,2022-07-16,Hindi,False
U01166,Abeer Mital,52,Other,Bengaluru,Karnataka,P2,2024-08-10,Malayalam,True
U01167,Divya Bains,27,Other,Bhopal,Madhya Pradesh,P1,2026-06-23,Bengali,True
U01168,Yasti Dubey,45,Other,Chennai,Tamil Nadu,P3,2025-08-16,Bengali,True
U01169,Ishani Dugal,61,Female,Chennai,Tamil Nadu,P2,2022-11-30,English,True
U01170,Zaid Kaul,50,Female,Pune,Maharashtra,P1,2023-02-03,English,True
U01171,George Ratta,59,Female,Lucknow,Uttar Pradesh,P4,2023-07-25,Bengali,False
U01172,Faras Nair,38,Other,Bengaluru,Karnataka,P2,2024-10-24,Gujarati,True
U01173,Vinaya Chandran,29,Male,Chennai,Tamil Nadu,P3,2025-09-16,English,True
U01174,Baljiwan Raj,43,Other,Delhi,Delhi,P1,2024-12-01,Malayalam,True
U01175,Gaurika Pall,22,Male,Lucknow,Uttar Pradesh,P3,2022-11-07,English,True
U01176,Omaja Dara,19,Female,Kochi,Kerala,P2,2026-01-21,English,True
U01177,Advay Raja,43,Male,Kolkata,West Bengal,P2,2026-01-06,Telugu,False
U01178,Eiravati Zacharia,61,Male,Chandigarh,Punjab,P3,2022-10-03,English,False
U01179,Yadavi Kant,18,Male,Chennai,Tamil Nadu,P1,2024-10-18,Tamil,True
U01180,Sanaya Thaman,26,Male,Nagpur,Maharashtra,P2,2023-02-24,Hindi,True
U01181,Bimala Ramesh,59,Other,Patna,Bihar,P3,2022-11-24,Tamil,True
U01182,Fitan Soni,16,Female,Kolkata,West Bengal,P2,2023-02-17,Telugu,True
U01183,Mohini Lala,41,Female,Chandigarh,Punjab,P1,2024-10-27,Tamil,True
U01184,Kalpit Deshmukh,45,Female,Ahmedabad,Gujarat,P2,2022-11-17,English,True
U01185,Vinaya Rana,50,Male,Chandigarh,Punjab,P1,2024-06-17,Telugu,True
U01186,Yatin Kibe,50,Other,Hyderabad,Telangana,P2,2025-02-22,Hindi,True
U01187,Ekiya Chakraborty,40,Female,Indore,Madhya Pradesh,P4,2022-10-28,Telugu,True
U01188,Pallavi Pau,57,Female,Bhubaneswar,Odisha,P1,2022-12-27,Tamil,True
U01189,Hemangini Bajwa,41,Other,Bengaluru,Karnataka,P2,2023-12-06,Bengali,True
U01190,Inaya Sathe,19,Other,Delhi,Delhi,P4,2025-08-13,Bengali,True
U01191,Chaitanya Kaur,34,Other,Indore,Madhya Pradesh,P4,2025-01-11,Bengali,True
U01192,Nachiket Chada,25,Male,Lucknow,Uttar Pradesh,P1,2023-05-03,Bengali,True
U01193,Xavier Divan,24,Other,Lucknow,Uttar Pradesh,P2,2022-12-27,English,True
U01194,Akshay Oza,54,Male,Guwahati,Assam,P1,2026-01-05,Tamil,True
U01195,Dalaja Sengupta,52,Female,Bhubaneswar,Odisha,P1,2025-04-24,Hindi,True
U01196,Shaurya Yogi,20,Other,Jaipur,Rajasthan,P1,2024-06-03,English,False
U01197,Vasudha Dhaliwal,22,Other,Mumbai,Maharashtra,P2,2023-05-21,Hindi,True
U01198,Krisha Vyas,37,Female,Chennai,Tamil Nadu,P2,2025-04-26,Bengali,True
U01199,Darpan Mander,61,Other,Ahmedabad,Gujarat,P2,2022-09-17,Malayalam,True
U01200,Chatresh Shroff,40,Other,Bengaluru,Karnataka,P4,2023-05-05,Marathi,True
U01201,Ekalinga Rama,60,Female,Nagpur,Maharashtra,P3,2025-02-26,Bengali,True
U01202,Hritik Bahl,57,Male,Surat,Gujarat,P2,2025-03-06,Hindi,True
U01203,Vihaan Rai,26,Female,Chandigarh,Punjab,P1,2023-09-16,Bengali,True
U01204,Diya Sundaram,40,Female,Kolkata,West Bengal,P2,2024-07-27,English,True
U01205,Quincy Issac,27,Other,Coimbatore,Tamil Nadu,P1,2026-01-02,Bengali,True
U01206,Anthony Baral,54,Female,Chennai,Tamil Nadu,P2,2024-07-16,Hindi,False
U01207,Gauri Suri,32,Female,Surat,Gujarat,P2,2023-07-12,Punjabi,True
U01208,Andrew Palan,39,Other,Delhi,Delhi,P1,2024-02-10,Tamil,False
U01209,Chasmum Keer,47,Other,Patna,Bihar,P2,2025-04-10,Malayalam,True
U01210,David Kurian,61,Female,Jaipur,Rajasthan,P3,2026-07-10,Tamil,True
U01211,Ati Kar,54,Other,Ahmedabad,Gujarat,P2,2026-01-19,Bengali,True
U01212,Laksh Chahal,57,Male,Kolkata,West Bengal,P1,2023-02-22,Bengali,False
U01213,Omisha Khosla,26,Other,Mumbai,Maharashtra,P2,2025-06-16,Hindi,True
U01214,Devika Narayan,58,Female,Ahmedabad,Gujarat,P2,2024-10-30,Hindi,True
U01215,Samuel Devi,50,Other,Bengaluru,Karnataka,P1,2024-05-02,Tamil,False
U01216,Lakshit More,62,Other,Bhubaneswar,Odisha,P2,2024-11-10,Marathi,True
U01217,Qushi Dhillon,18,Other,Bhubaneswar,Odisha,P1,2025-04-16,Bengali,True
U01218,Eesha Bir,19,Other,Kolkata,West Bengal,P3,2025-02-28,Hindi,True
U01219,Qarin Nadkarni,51,Female,Bengaluru,Karnataka,P2,2024-10-07,Bengali,True
U01220,Ayushman Nagar,22,Male,Kochi,Kerala,P1,2025-11-23,English,True
U01221,Nisha Mitter,56,Male,Bhopal,Madhya Pradesh,P1,2026-01-21,English,True
U01222,Max Guha,63,Female,Kolkata,West Bengal,P2,2024-04-23,Punjabi,True
U01223,Atharv Loke,42,Female,Bhopal,Madhya Pradesh,P1,2022-12-18,Hindi,True
U01224,Vincent Kashyap,45,Other,Patna,Bihar,P1,2024-12-16,Hindi,True
U01225,Fariq Sood,23,Male,Jaipur,Rajasthan,P1,2025-04-15,Hindi,True
U01226,Kashvi Gour,43,Female,Surat,Gujarat,P1,2023-01-27,Hindi,True
U01227,Urvi Devan,28,Female,Delhi,Delhi,P2,2025-12-11,Hindi,True
U01228,Bachittar Rege,54,Other,Bhopal,Madhya Pradesh,P2,2023-03-12,Bengali,True
U01229,Anamika Sachar,55,Other,Nagpur,Maharashtra,P2,2025-08-05,Bengali,True
U01230,Samarth Bhatti,36,Female,Coimbatore,Tamil Nadu,P1,2023-06-06,Marathi,True
U01231,Vrishti Nair,25,Other,Nagpur,Maharashtra,P1,2023-03-31,Marathi,True
U01232,Prisha Ravel,37,Other,Lucknow,Uttar Pradesh,P2,2026-01-02,Gujarati,True
U01233,Dhriti Ramesh,15,Female,Chandigarh,Punjab,P2,2025-08-23,Hindi,True
U01234,Ikbal Seth,60,Male,Lucknow,Uttar Pradesh,P2,2024-12-25,Telugu,False
U01235,Yatan Venkataraman,51,Female,Pune,Maharashtra,P1,2024-05-13,Kannada,True
U01236,Lila Varty,35,Other,Chandigarh,Punjab,P2,2024-09-08,English,True
U01237,Ranveer Manne,40,Other,Delhi,Delhi,P1,2025-08-06,Gujarati,True
U01238,Bhavika Shenoy,60,Other,Bhopal,Madhya Pradesh,P1,2024-04-18,Tamil,True
U01239,Chatura Varughese,50,Male,Surat,Gujarat,P4,2023-03-16,Hindi,True
U01240,Siya Chana,37,Male,Delhi,Delhi,P2,2026-02-25,Bengali,True
U01241,Pranit Deshmukh,15,Other,Surat,Gujarat,P4,2025-06-05,Hindi,True
U01242,Shravya Bakshi,54,Male,Bengaluru,Karnataka,P1,2024-02-10,Telugu,True
U01243,Suhani Chana,29,Other,Bhubaneswar,Odisha,P1,2023-04-03,Tamil,True
U01244,Jatin Chand,35,Male,Delhi,Delhi,P4,2023-07-16,Telugu,True
U01245,Janani Chada,61,Male,Guwahati,Assam,P1,2022-12-29,Hindi,True
U01246,Yasti Dutta,23,Male,Bhubaneswar,Odisha,P1,2024-08-19,English,True
U01247,Caleb Garde,23,Other,Bhopal,Madhya Pradesh,P1,2024-01-20,Tamil,True
U01248,Nicholas Dhillon,24,Other,Pune,Maharashtra,P3,2026-03-09,Hindi,True
U01249,Oni Morar,40,Female,Jaipur,Rajasthan,P1,2023-04-03,Hindi,True
U01250,Bhavya Golla,55,Other,Kolkata,West Bengal,P2,2023-10-11,Hindi,True
U01251,Samaksh Aggarwal,49,Male,Bhubaneswar,Odisha,P2,2023-01-03,Hindi,True
U01252,Advik Shanker,39,Male,Mumbai,Maharashtra,P1,2025-01-10,Bengali,True
U01253,Abdul Tak,40,Female,Lucknow,Uttar Pradesh,P2,2024-07-12,Bengali,True
U01254,Sudiksha Rout,25,Female,Jaipur,Rajasthan,P2,2023-06-28,Hindi,True
U01255,Yash Mall,52,Other,Delhi,Delhi,P2,2024-04-21,Telugu,False
U01256,Chandran Goyal,16,Male,Lucknow,Uttar Pradesh,P1,2025-01-06,Telugu,True
U01257,Balhaar Dhillon,21,Other,Indore,Madhya Pradesh,P4,2023-02-17,English,True
U01258,Garima Chahal,32,Female,Coimbatore,Tamil Nadu,P2,2025-12-14,Bengali,True
U01259,Pranav Edwin,41,Male,Jaipur,Rajasthan,P1,2022-09-25,Bengali,True
U01260,Tamanna Parsa,48,Male,Nagpur,Maharashtra,P2,2025-03-23,Bengali,True
U01261,Chandani Naidu,41,Female,Chandigarh,Punjab,P1,2026-04-06,English,True
U01262,Ekansh Sane,31,Other,Surat,Gujarat,P1,2024-01-05,Hindi,True
U01263,Brinda Sinha,57,Female,Kolkata,West Bengal,P3,2025-11-29,Telugu,True
U01264,Forum Vyas,58,Other,Ahmedabad,Gujarat,P2,2023-01-28,Tamil,True
U01265,Shaurya Bhardwaj,38,Male,Kochi,Kerala,P1,2024-03-11,English,True
U01266,Veda Mani,39,Female,Patna,Bihar,P3,2022-12-22,Kannada,True
U01267,Aashi Vora,21,Female,Guwahati,Assam,P2,2024-03-30,Hindi,False
U01268,Kai Taneja,20,Female,Surat,Gujarat,P1,2024-11-02,Hindi,True
U01269,Waida Gole,38,Male,Chandigarh,Punjab,P4,2024-08-13,English,True
U01270,Bina Hari,47,Male,Guwahati,Assam,P1,2026-01-27,Hindi,True
U01271,Udyati Dalal,63,Female,Patna,Bihar,P1,2022-07-18,Hindi,True
U01272,Oeshi Sachdev,43,Other,Kolkata,West Bengal,P3,2025-06-27,Marathi,False
U01273,Simon Apte,57,Male,Guwahati,Assam,P4,2022-09-20,Hindi,False
U01274,Aachal Bir,36,Male,Nagpur,Maharashtra,P3,2025-02-05,Tamil,False
U01275,Abeer Comar,40,Female,Jaipur,Rajasthan,P1,2023-10-08,Bengali,True
U01276,Meghana Balakrishnan,42,Male,Kochi,Kerala,P2,2025-04-13,Kannada,True
U01277,Ganga Nigam,64,Male,Chennai,Tamil Nadu,P4,2025-11-12,English,True
U01278,Urvi Banik,35,Other,Nagpur,Maharashtra,P2,2026-03-24,Hindi,True
U01279,Nachiket Sharma,63,Other,Nagpur,Maharashtra,P3,2025-02-13,Malayalam,True
U01280,Turvi Sachdev,21,Male,Ahmedabad,Gujarat,P1,2026-02-08,Bengali,True
U01281,Chandani Mutti,31,Female,Pune,Maharashtra,P1,2026-04-01,Hindi,False
U01282,Sathvik Narula,34,Female,Mumbai,Maharashtra,P2,2024-10-04,Hindi,True
U01283,Dominic Dixit,55,Male,Guwahati,Assam,P2,2025-09-26,Punjabi,True
U01284,Harinakshi Prashad,63,Female,Chennai,Tamil Nadu,P3,2023-08-29,Hindi,False
U01285,Lopa Grover,34,Male,Surat,Gujarat,P2,2025-01-16,Malayalam,True
U01286,Divya Balay,36,Female,Kochi,Kerala,P2,2024-12-01,English,True
U01287,Watika Khanna,42,Male,Bhubaneswar,Odisha,P2,2023-08-16,Bengali,True
U01288,Tarak Vohra,54,Male,Kochi,Kerala,P2,2024-01-09,Telugu,False
U01289,Kavya Barad,63,Male,Chandigarh,Punjab,P3,2023-09-30,English,True
U01290,Sachi Toor,21,Male,Delhi,Delhi,P2,2025-08-25,Tamil,True
U01291,Xiti Dube,15,Male,Coimbatore,Tamil Nadu,P2,2022-08-21,Hindi,True
U01292,Dayita Narang,46,Female,Coimbatore,Tamil Nadu,P1,2023-04-19,Bengali,True
U01293,Zaitra Deo,27,Male,Pune,Maharashtra,P3,2023-02-10,English,False
U01294,Tripti Ram,44,Female,Indore,Madhya Pradesh,P2,2023-05-11,Hindi,True
U01295,Aayush Mukhopadhyay,37,Other,Surat,Gujarat,P2,2025-05-23,Malayalam,True
U01296,Gauri Sibal,33,Other,Coimbatore,Tamil Nadu,P2,2026-04-08,Kannada,True
U01297,Devika Bajaj,46,Other,Chandigarh,Punjab,P3,2026-02-04,Bengali,False
U01298,Shaurya Nagi,44,Female,Bengaluru,Karnataka,P1,2024-11-05,Hindi,True
U01299,Aradhana Walia,43,Male,Kolkata,West Bengal,P1,2023-05-05,Hindi,True
U01300,Jacob Mahajan,63,Male,Chennai,Tamil Nadu,P2,2023-10-25,Telugu,True
U01301,Ishwar Aurora,59,Other,Lucknow,Uttar Pradesh,P2,2023-02-19,Telugu,True
U01302,Samuel Palla,43,Other,Chandigarh,Punjab,P2,2026-05-16,Tamil,True
U01303,Lohit Mander,44,Male,Bengaluru,Karnataka,P1,2024-09-25,Malayalam,True
U01304,Ekavir Mukhopadhyay,30,Female,Kochi,Kerala,P2,2024-10-31,Tamil,True
U01305,Sachi Bedi,54,Other,Nagpur,Maharashtra,P2,2024-12-27,Telugu,True
U01306,Chandresh Cherian,33,Male,Surat,Gujarat,P1,2023-01-22,Kannada,True
U01307,Pooja Ramanathan,32,Female,Jaipur,Rajasthan,P1,2024-01-27,Punjabi,True
U01308,Ishani Muni,15,Female,Delhi,Delhi,P1,2023-04-03,Telugu,True
U01309,Farhan Shroff,28,Female,Kolkata,West Bengal,P2,2023-11-13,Hindi,True
U01310,Upadhriti Chatterjee,61,Male,Chennai,Tamil Nadu,P1,2024-10-22,Hindi,True
U01311,Upma Kata,64,Female,Chennai,Tamil Nadu,P2,2024-05-11,Hindi,True
U01312,Aarna Patla,16,Female,Delhi,Delhi,P2,2026-04-30,Hindi,True
U01313,Ekta Setty,42,Male,Kolkata,West Bengal,P2,2024-02-08,Marathi,True
U01314,Vaishnavi Chowdhury,63,Female,Nagpur,Maharashtra,P3,2024-06-27,Marathi,True
U01315,Onkar Mandal,64,Female,Coimbatore,Tamil Nadu,P4,2023-12-11,Tamil,True
U01316,Yashoda Chauhan,44,Other,Lucknow,Uttar Pradesh,P4,2025-08-10,Bengali,True
U01317,Eshana Bobal,52,Male,Surat,Gujarat,P1,2024-02-28,Bengali,False
U01318,Nandini Sachdev,18,Male,Chennai,Tamil Nadu,P2,2025-09-15,English,True
U01319,Nathan Subramaniam,15,Male,Ahmedabad,Gujarat,P2,2023-06-29,English,True
U01320,Sathvik Sankar,22,Male,Pune,Maharashtra,P2,2024-01-27,Bengali,True
U01321,Hema Keer,43,Other,Pune,Maharashtra,P1,2025-09-03,Malayalam,True
U01322,Vidhi Contractor,53,Female,Bengaluru,Karnataka,P4,2023-03-25,Hindi,True
U01323,Eshana Chatterjee,17,Male,Bhubaneswar,Odisha,P2,2024-11-27,Kannada,True
U01324,Darika Ravi,46,Female,Chennai,Tamil Nadu,P2,2025-10-28,English,True
U01325,Ladli Narang,24,Female,Lucknow,Uttar Pradesh,P1,2022-10-25,Punjabi,False
U01326,Gautam Kalla,24,Female,Bengaluru,Karnataka,P1,2024-07-07,Bengali,True
U01327,Manan Dixit,33,Other,Surat,Gujarat,P1,2025-10-21,Punjabi,True
U01328,Madhavi Sekhon,60,Other,Patna,Bihar,P1,2024-05-07,Tamil,True
U01329,Chandani Modi,48,Other,Lucknow,Uttar Pradesh,P2,2023-04-27,Gujarati,True
U01330,Hemangini Chakraborty,47,Male,Guwahati,Assam,P3,2026-03-18,Hindi,True
U01331,Joshua Menon,37,Other,Jaipur,Rajasthan,P2,2024-11-13,Telugu,True
U01332,Aadi Parmer,42,Female,Chennai,Tamil Nadu,P1,2022-10-15,English,True
U01333,Azaan Keer,46,Female,Lucknow,Uttar Pradesh,P3,2022-12-23,Telugu,True
U01334,Eesha Raja,64,Male,Ahmedabad,Gujarat,P1,2024-04-06,Hindi,True
U01335,Siddharth Ghose,21,Other,Nagpur,Maharashtra,P1,2024-02-29,Kannada,True
U01336,Leena Parsa,43,Other,Nagpur,Maharashtra,P4,2024-06-08,Hindi,True
U01337,Bhavya Dass,22,Male,Jaipur,Rajasthan,P2,2025-11-24,Tamil,True
U01338,Amol Dhawan,15,Female,Nagpur,Maharashtra,P2,2023-01-28,Tamil,True
U01339,Rajeshri Deshpande,17,Other,Hyderabad,Telangana,P2,2025-06-03,Tamil,False
U01340,Tamanna Sandal,38,Male,Kolkata,West Bengal,P2,2022-11-16,English,False
U01341,Yashodhara Samra,37,Male,Chennai,Tamil Nadu,P2,2025-01-11,English,True
U01342,Leena Pant,22,Female,Chandigarh,Punjab,P1,2024-09-29,Telugu,False
U01343,Abhimanyu Tara,61,Other,Indore,Madhya Pradesh,P1,2023-06-10,Hindi,True
U01344,Yachana Luthra,51,Female,Kolkata,West Bengal,P2,2025-12-04,Malayalam,True
U01345,Bahadurjit Barad,17,Other,Lucknow,Uttar Pradesh,P1,2024-03-07,Bengali,True
U01346,Isaiah Subramaniam,47,Male,Guwahati,Assam,P2,2024-10-23,Hindi,True
U01347,Lucky Vyas,42,Female,Chandigarh,Punjab,P3,2026-05-21,English,False
U01348,Udyati Varughese,61,Other,Hyderabad,Telangana,P1,2026-06-22,Hindi,True
U01349,Yatan Sodhi,22,Other,Coimbatore,Tamil Nadu,P2,2022-11-07,Malayalam,True
U01350,Devika Bera,48,Male,Hyderabad,Telangana,P2,2025-01-22,Hindi,True
U01351,Upasna Setty,49,Female,Mumbai,Maharashtra,P2,2026-02-25,Bengali,True
U01352,Garima Sama,46,Other,Surat,Gujarat,P3,2024-08-03,Telugu,False
U01353,Bimala Ganesh,38,Male,Kolkata,West Bengal,P2,2023-12-13,Bengali,True
U01354,Abha Bhat,28,Male,Chennai,Tamil Nadu,P3,2022-09-05,Bengali,True
U01355,Charan Manne,46,Male,Pune,Maharashtra,P1,2025-01-20,English,True
U01356,Bhavini Sundaram,60,Female,Hyderabad,Telangana,P1,2025-10-09,Bengali,True
U01357,Arunima Krishnan,57,Other,Hyderabad,Telangana,P1,2022-11-13,Telugu,True
U01358,Anvi Kurian,30,Male,Hyderabad,Telangana,P4,2023-01-25,Hindi,True
U01359,Owen Dora,18,Other,Hyderabad,Telangana,P3,2022-08-05,Hindi,False
U01360,Parth Lal,51,Male,Kolkata,West Bengal,P2,2025-03-05,Hindi,False
U01361,Vedhika Golla,35,Female,Jaipur,Rajasthan,P4,2025-09-01,English,False
U01362,Hemal Chad,28,Other,Bhubaneswar,Odisha,P1,2025-09-25,Hindi,True
U01363,Warhi Sachar,45,Other,Mumbai,Maharashtra,P2,2026-05-29,Hindi,True
U01364,Ria Ganesh,62,Other,Coimbatore,Tamil Nadu,P1,2025-08-14,Hindi,True
U01365,Chatura Lalla,32,Female,Indore,Madhya Pradesh,P3,2023-05-20,English,True
U01366,Charles Ganesh,21,Male,Surat,Gujarat,P2,2025-07-23,Hindi,True
U01367,Charvi Soni,24,Other,Bhopal,Madhya Pradesh,P2,2024-05-23,Hindi,True
U01368,Ladli Ramakrishnan,21,Male,Kochi,Kerala,P1,2025-07-10,Telugu,True
U01369,Radhika Arora,47,Other,Chandigarh,Punjab,P2,2024-06-08,Bengali,True
U01370,Lavanya Mutti,37,Female,Nagpur,Maharashtra,P1,2023-09-10,Telugu,True
U01371,Gunbir Wali,35,Female,Surat,Gujarat,P1,2026-05-21,English,False
U01372,Anjali Nayak,33,Female,Pune,Maharashtra,P3,2025-02-01,Marathi,True
U01373,Aadhya Raman,62,Female,Mumbai,Maharashtra,P4,2023-08-14,Bengali,True
U01374,Robert Venkatesh,33,Male,Indore,Madhya Pradesh,P2,2024-05-19,Hindi,True
U01375,Dhriti Anne,50,Other,Guwahati,Assam,P4,2023-11-20,Marathi,False
U01376,Advik Sabharwal,43,Male,Bengaluru,Karnataka,P2,2025-03-24,English,True
U01377,Sanaya Panchal,32,Female,Bhopal,Madhya Pradesh,P1,2022-12-05,Bengali,True
U01378,Zayan Hans,16,Other,Guwahati,Assam,P2,2023-06-01,Marathi,True
U01379,Dakshesh Kalla,15,Female,Bhubaneswar,Odisha,P4,2022-09-03,Telugu,True
U01380,Jagdish Chadha,61,Female,Surat,Gujarat,P1,2026-05-04,Telugu,True
U01381,Keya Goyal,19,Other,Chennai,Tamil Nadu,P1,2025-12-18,Hindi,True
U01382,Zehaan Menon,34,Female,Mumbai,Maharashtra,P4,2026-02-14,Tamil,True
U01383,Sudiksha Malhotra,25,Male,Lucknow,Uttar Pradesh,P2,2024-05-28,Bengali,True
U01384,Aarini Edwin,56,Female,Indore,Madhya Pradesh,P3,2025-08-13,Hindi,True
U01385,David Raja,16,Other,Nagpur,Maharashtra,P2,2025-08-29,English,False
U01386,Aarna Lanka,17,Male,Coimbatore,Tamil Nadu,P1,2024-02-03,Gujarati,False
U01387,Vyanjana Iyer,37,Female,Hyderabad,Telangana,P2,2023-04-01,Malayalam,True
U01388,Vyanjana Chopra,26,Other,Delhi,Delhi,P1,2024-12-23,Tamil,True
U01389,Tejas Cherian,34,Male,Kolkata,West Bengal,P2,2023-02-11,English,True
U01390,Harshil Banerjee,19,Female,Hyderabad,Telangana,P2,2026-03-10,Bengali,True
U01391,Sanaya Bahl,51,Other,Guwahati,Assam,P2,2022-10-30,Malayalam,True
U01392,Aadi Barad,52,Other,Bhopal,Madhya Pradesh,P1,2026-02-14,Punjabi,True
U01393,Max Narayan,44,Female,Chandigarh,Punjab,P3,2025-03-12,English,True
U01394,Yutika Swaminathan,23,Female,Delhi,Delhi,P1,2026-02-26,English,True
U01395,Ekaraj Zachariah,48,Other,Mumbai,Maharashtra,P3,2024-06-13,English,True
U01396,Vasatika Dara,58,Female,Chandigarh,Punjab,P4,2023-06-10,English,True
U01397,Gauri Mitter,49,Female,Ahmedabad,Gujarat,P1,2024-10-21,Tamil,False
U01398,Jasmit Warrior,36,Male,Bengaluru,Karnataka,P3,2024-02-21,English,True
U01399,Faris Sharaf,58,Other,Kochi,Kerala,P1,2025-12-13,Malayalam,True
U01400,Samaksh Goda,38,Other,Patna,Bihar,P1,2025-07-31,Telugu,True
U01401,Rayaan Mistry,31,Female,Kochi,Kerala,P2,2024-10-03,English,True
U01402,Jagrati Sur,24,Other,Nagpur,Maharashtra,P1,2025-04-27,Hindi,True
U01403,Ranveer Dey,44,Female,Kochi,Kerala,P1,2022-11-16,English,True
U01404,William Suresh,60,Male,Nagpur,Maharashtra,P2,2022-09-06,Malayalam,True
U01405,Xalak Walla,37,Female,Lucknow,Uttar Pradesh,P1,2024-02-03,Gujarati,True
U01406,Amol Bansal,46,Male,Ahmedabad,Gujarat,P2,2026-05-25,Bengali,True
U01407,Brijesh Ravi,31,Male,Guwahati,Assam,P1,2023-11-23,Telugu,True
U01408,Manthan Kaul,64,Male,Patna,Bihar,P1,2023-01-04,Tamil,True
U01409,Lohit Suresh,31,Other,Lucknow,Uttar Pradesh,P2,2026-03-28,English,True
U01410,Chakradev Kibe,28,Female,Jaipur,Rajasthan,P2,2025-02-25,Bengali,True
U01411,Akshay Gera,23,Other,Mumbai,Maharashtra,P2,2025-05-05,Malayalam,True
U01412,Gunbir Shan,54,Other,Pune,Maharashtra,P2,2025-01-25,Marathi,True
U01413,Hitesh Comar,16,Female,Coimbatore,Tamil Nadu,P3,2024-12-25,Marathi,True
U01414,Dev Jain,59,Female,Delhi,Delhi,P2,2024-07-11,Telugu,True
U01415,Ekta Dara,39,Female,Lucknow,Uttar Pradesh,P3,2024-03-29,English,False
U01416,Ekanta Kala,53,Female,Bengaluru,Karnataka,P2,2026-06-10,English,True
U01417,Gautami Bhatnagar,23,Other,Kolkata,West Bengal,P1,2025-08-05,Hindi,True
U01418,Ojasvi Ganguly,36,Male,Chennai,Tamil Nadu,P1,2023-01-08,Bengali,True
U01419,Reva Kohli,57,Female,Nagpur,Maharashtra,P2,2025-04-28,English,False
U01420,Kiaan Chaudhry,60,Male,Pune,Maharashtra,P1,2026-03-29,Hindi,True
U01421,Nakul Babu,18,Male,Jaipur,Rajasthan,P2,2025-09-13,Tamil,True
U01422,Abeer Amble,40,Male,Nagpur,Maharashtra,P3,2026-01-21,Malayalam,True
U01423,Bhanumati Saha,43,Male,Bhubaneswar,Odisha,P1,2023-04-04,Kannada,True
U01424,Jonathan Jhaveri,59,Male,Chandigarh,Punjab,P2,2025-04-24,English,False
U01425,Shravya Sabharwal,48,Other,Chennai,Tamil Nadu,P1,2023-02-10,Bengali,False
U01426,Baljiwan Gole,37,Other,Indore,Madhya Pradesh,P2,2023-06-30,Marathi,False
U01427,Charvi Pall,51,Male,Jaipur,Rajasthan,P2,2025-05-28,Hindi,True
U01428,Rehaan Dalal,25,Other,Kochi,Kerala,P1,2024-03-18,Bengali,True
U01429,Janaki Zacharia,20,Male,Ahmedabad,Gujarat,P4,2026-06-26,Hindi,True
U01430,Sathvik Malhotra,32,Female,Jaipur,Rajasthan,P2,2024-07-26,Malayalam,True
U01431,Manthan Som,35,Male,Coimbatore,Tamil Nadu,P2,2022-10-01,English,True
U01432,Caleb Bhagat,56,Male,Ahmedabad,Gujarat,P4,2024-07-11,English,True
U01433,Shaurya Saran,50,Other,Lucknow,Uttar Pradesh,P1,2025-02-12,Hindi,True
U01434,Caleb Chawla,55,Other,Delhi,Delhi,P2,2023-07-18,Hindi,True
U01435,Nakul Balakrishnan,52,Other,Lucknow,Uttar Pradesh,P2,2025-07-01,English,True
U01436,Ekavir Keer,48,Male,Hyderabad,Telangana,P2,2024-06-23,Malayalam,True
U01437,Oni Issac,31,Female,Bhopal,Madhya Pradesh,P4,2025-06-03,English,False
U01438,Victor Choudhary,51,Male,Ahmedabad,Gujarat,P1,2025-07-11,Kannada,True
U01439,Warjas Sachar,39,Female,Patna,Bihar,P3,2023-11-04,Malayalam,False
U01440,Thomas Borah,52,Female,Nagpur,Maharashtra,P2,2026-01-06,Marathi,True
U01441,Chatura Sarin,26,Male,Patna,Bihar,P3,2024-06-03,Malayalam,True
U01442,Pranav Ram,37,Female,Indore,Madhya Pradesh,P1,2023-02-12,Tamil,True
U01443,Rishi Parmer,56,Male,Kochi,Kerala,P2,2024-01-12,Bengali,True
U01444,Gautami Datta,36,Other,Kolkata,West Bengal,P2,2026-06-10,Hindi,True
U01445,Avni Deshpande,35,Male,Lucknow,Uttar Pradesh,P1,2022-08-31,Hindi,True
U01446,Tara Sahota,41,Other,Chennai,Tamil Nadu,P3,2022-12-25,English,False
U01447,Thomas Merchant,45,Other,Surat,Gujarat,P2,2023-03-23,Hindi,True
U01448,Victor Chadha,20,Female,Guwahati,Assam,P3,2024-12-13,Hindi,True
U01449,Tarak Solanki,41,Female,Kolkata,West Bengal,P2,2024-03-08,Marathi,False
U01450,Akshay Sangha,54,Male,Ahmedabad,Gujarat,P1,2025-11-19,Marathi,True
U01451,Yug Narang,48,Female,Ahmedabad,Gujarat,P4,2025-06-25,Hindi,True
U01452,Manthan Ahluwalia,26,Other,Kolkata,West Bengal,P1,2024-04-10,English,True
U01453,Banjeet Singhal,59,Male,Bengaluru,Karnataka,P4,2024-03-17,Marathi,True
U01454,Pavani Wali,21,Female,Indore,Madhya Pradesh,P2,2025-06-21,Malayalam,True
U01455,Sneha Tandon,24,Male,Ahmedabad,Gujarat,P2,2024-02-12,Marathi,True
U01456,Niharika Kamdar,59,Female,Jaipur,Rajasthan,P1,2023-07-02,English,True
U01457,William Chana,31,Female,Pune,Maharashtra,P2,2023-01-25,Bengali,True
U01458,Neel Sharaf,40,Male,Kolkata,West Bengal,P2,2022-08-08,Hindi,False
U01459,Suhani Sheth,35,Male,Ahmedabad,Gujarat,P2,2025-12-20,English,True
U01460,Qasim Prabhakar,42,Female,Surat,Gujarat,P1,2025-08-16,Hindi,True
U01461,Ekavir Rajan,60,Other,Bhopal,Madhya Pradesh,P2,2025-01-16,English,True
U01462,Bachittar Minhas,16,Male,Bhubaneswar,Odisha,P1,2026-02-10,Telugu,True
U01463,Sarthak Buch,57,Female,Ahmedabad,Gujarat,P2,2024-03-29,Gujarati,False
U01464,Christopher Varma,15,Male,Bhubaneswar,Odisha,P2,2025-01-07,Hindi,True
U01465,Charan Choudhry,50,Female,Bhopal,Madhya Pradesh,P1,2026-04-27,Bengali,True
U01466,Banjeet Pau,40,Male,Coimbatore,Tamil Nadu,P1,2024-01-26,English,True
U01467,Samarth Devi,43,Male,Kochi,Kerala,P3,2024-01-02,Hindi,True
U01468,Ishaan Sridhar,35,Male,Patna,Bihar,P1,2026-06-18,English,False
U01469,Umang Nagi,25,Female,Nagpur,Maharashtra,P3,2025-06-27,Bengali,False
U01470,Yahvi Sampath,54,Female,Lucknow,Uttar Pradesh,P4,2023-12-13,Tamil,True
U01471,Kashish Pai,25,Female,Jaipur,Rajasthan,P2,2023-08-24,Kannada,True
U01472,Upma Wali,50,Male,Nagpur,Maharashtra,P3,2024-05-06,Telugu,False
U01473,Siya Pillai,63,Male,Surat,Gujarat,P1,2025-04-02,Hindi,True
U01474,Raghav Shankar,53,Other,Nagpur,Maharashtra,P1,2025-09-26,Telugu,True
U01475,Praneel Mani,54,Female,Nagpur,Maharashtra,P1,2022-11-20,Gujarati,True
U01476,Ikbal Gala,49,Other,Surat,Gujarat,P2,2026-05-16,Malayalam,True
U01477,Watika Dora,48,Female,Bengaluru,Karnataka,P1,2023-08-23,Hindi,True
U01478,Chaaya Saha,61,Other,Indore,Madhya Pradesh,P3,2026-01-14,Kannada,True
U01479,Urvi Palan,38,Male,Guwahati,Assam,P4,2026-06-01,Telugu,True
U01480,Bishakha Gulati,36,Male,Patna,Bihar,P4,2024-03-20,Bengali,True
U01481,Zinal Nayak,19,Other,Kochi,Kerala,P1,2022-10-15,Gujarati,True
U01482,Eta Sunder,47,Male,Chandigarh,Punjab,P2,2024-03-08,Malayalam,True
U01483,Tanvi Modi,50,Other,Bengaluru,Karnataka,P2,2024-11-28,Tamil,True
U01484,Onveer Lad,61,Male,Jaipur,Rajasthan,P2,2024-10-21,English,True
U01485,Bhavya Batta,34,Female,Bhubaneswar,Odisha,P4,2023-06-12,Marathi,False
U01486,Tamanna Ganesan,33,Male,Guwahati,Assam,P1,2023-02-17,Bengali,True
U01487,Bhavika Gopal,49,Other,Delhi,Delhi,P2,2025-01-04,Marathi,True
U01488,Neel Khanna,57,Male,Bhopal,Madhya Pradesh,P1,2026-06-06,Punjabi,False
U01489,Jonathan Sastry,31,Male,Bengaluru,Karnataka,P1,2023-01-02,Hindi,True
U01490,Samesh Banerjee,59,Other,Lucknow,Uttar Pradesh,P2,2023-07-31,Hindi,True
U01491,Manbir Pradhan,57,Female,Patna,Bihar,P2,2025-03-14,Kannada,True
U01492,Charvi Dara,48,Female,Chandigarh,Punjab,P2,2024-05-01,Telugu,True
U01493,Xalak Dhillon,23,Other,Bhopal,Madhya Pradesh,P2,2026-03-21,Tamil,True
U01494,Nachiket Agrawal,40,Other,Patna,Bihar,P3,2026-04-30,Hindi,True
U01495,Chakrika Som,16,Female,Bengaluru,Karnataka,P1,2026-06-02,Punjabi,True
U01496,Riya Nigam,23,Other,Chennai,Tamil Nadu,P4,2026-02-14,Tamil,True
U01497,Banjeet Dewan,23,Male,Lucknow,Uttar Pradesh,P2,2025-04-17,Kannada,True
U01498,Darika Bakshi,54,Other,Chennai,Tamil Nadu,P4,2025-04-01,Kannada,False
U01499,Sanaya Parikh,31,Other,Indore,Madhya Pradesh,P2,2024-02-22,Hindi,True
U01500,Robert Vyas,15,Other,Delhi,Delhi,P2,2022-11-28,English,True
U01501,Rohan Bajaj,39,Female,Guwahati,Assam,P3,2023-06-05,English,True
U01502,Gagan Vala,57,Other,Indore,Madhya Pradesh,P1,2022-11-15,Bengali,True
U01503,Eesha Vaidya,54,Male,Kolkata,West Bengal,P3,2024-02-12,Hindi,False
U01504,Mitali Divan,56,Other,Lucknow,Uttar Pradesh,P1,2026-04-24,Telugu,True
U01505,Kala Raju,39,Female,Bhubaneswar,Odisha,P3,2025-05-27,Punjabi,False
U01506,Hemani Panchal,53,Male,Kolkata,West Bengal,P1,2024-01-11,Bengali,True
U01507,Gagan Kale,49,Male,Hyderabad,Telangana,P2,2023-10-09,Hindi,True
U01508,Ojasvi Savant,17,Female,Kolkata,West Bengal,P2,2025-06-13,Bengali,False
U01509,Oeshi Dewan,64,Female,Bhubaneswar,Odisha,P2,2023-09-10,Tamil,False
U01510,Maanas Johal,51,Other,Chandigarh,Punjab,P2,2025-11-17,Bengali,True
U01511,Dominic Prashad,58,Male,Bengaluru,Karnataka,P1,2023-10-02,Hindi,True
U01512,Anjali Sachdeva,58,Male,Pune,Maharashtra,P3,2022-11-22,Telugu,True
U01513,Laksh Iyengar,44,Other,Ahmedabad,Gujarat,P2,2023-03-28,Malayalam,True
U01514,Bimala Swaminathan,52,Female,Bengaluru,Karnataka,P1,2023-04-13,Hindi,True
U01515,Daksha Tak,48,Male,Hyderabad,Telangana,P1,2022-09-15,Bengali,True
U01516,Udarsh Bala,26,Female,Nagpur,Maharashtra,P2,2024-10-10,Tamil,True
U01517,Adweta Mital,33,Female,Guwahati,Assam,P3,2025-09-13,Hindi,True
U01518,Jeet Mani,51,Female,Patna,Bihar,P4,2026-05-12,Bengali,True
U01519,Yash Balakrishnan,58,Male,Coimbatore,Tamil Nadu,P4,2024-03-16,Telugu,True
U01520,Waida Bhavsar,63,Other,Guwahati,Assam,P2,2023-01-06,Kannada,False
U01521,Vasana Sarin,31,Other,Ahmedabad,Gujarat,P2,2024-12-06,Hindi,True
U01522,Jagdish Prakash,24,Other,Coimbatore,Tamil Nadu,P1,2026-01-04,English,True
U01523,Aashi Gaba,63,Other,Nagpur,Maharashtra,P2,2024-08-02,English,True
U01524,Ekaja Shenoy,61,Other,Mumbai,Maharashtra,P1,2024-11-11,Hindi,True
U01525,Ishanvi Gade,26,Other,Ahmedabad,Gujarat,P2,2026-01-19,Kannada,True
U01526,Oni Parekh,30,Other,Bhubaneswar,Odisha,P3,2022-10-01,Tamil,True
U01527,Faraj Varkey,38,Female,Lucknow,Uttar Pradesh,P2,2022-09-25,Marathi,False
U01528,Girindra Ganesh,33,Male,Chandigarh,Punjab,P3,2023-04-25,Tamil,True
U01529,Charvi Madan,22,Male,Bengaluru,Karnataka,P2,2024-09-17,Hindi,True
U01530,Gopal Warrior,45,Female,Nagpur,Maharashtra,P1,2025-04-12,Marathi,True
U01531,Agastya Devan,35,Male,Ahmedabad,Gujarat,P1,2024-11-09,Gujarati,True
U01532,Vedhika Sabharwal,31,Male,Jaipur,Rajasthan,P2,2024-08-11,Hindi,False
U01533,Harsh Kamdar,37,Male,Indore,Madhya Pradesh,P1,2023-11-25,English,True
U01534,Raghav Vora,51,Male,Ahmedabad,Gujarat,P1,2023-02-26,Telugu,False
U01535,Omisha Sharma,30,Other,Chandigarh,Punjab,P3,2025-12-03,English,True
U01536,Karan Badal,20,Male,Indore,Madhya Pradesh,P2,2026-03-15,Bengali,False
U01537,Janani Dewan,22,Male,Surat,Gujarat,P3,2024-06-15,Punjabi,True
U01538,Orinder Modi,39,Male,Bhubaneswar,Odisha,P3,2025-10-21,Malayalam,True
U01539,Tristan Dave,32,Male,Hyderabad,Telangana,P1,2022-08-27,Kannada,False
U01540,Utkarsh Mohanty,39,Other,Kolkata,West Bengal,P2,2025-12-18,English,True
U01541,Farhan Sandal,26,Female,Hyderabad,Telangana,P1,2023-01-15,English,True
U01542,Faras Bahl,29,Female,Pune,Maharashtra,P2,2025-04-20,Bengali,True
U01543,Brijesh Hegde,40,Other,Nagpur,Maharashtra,P1,2025-08-20,Hindi,True
U01544,Upasna Dani,55,Other,Patna,Bihar,P2,2022-12-20,Hindi,True
U01545,Dominic Mitra,59,Male,Indore,Madhya Pradesh,P2,2026-03-04,Hindi,True
U01546,Jatin Jha,40,Other,Patna,Bihar,P3,2025-03-17,Bengali,True
U01547,Qasim Panchal,61,Male,Mumbai,Maharashtra,P2,2024-11-20,Bengali,True
U01548,Arunima Pall,46,Female,Bengaluru,Karnataka,P1,2022-08-27,English,True
U01549,Yashasvi Bir,24,Male,Patna,Bihar,P1,2023-12-12,Bengali,True
U01550,Teerth Handa,30,Other,Guwahati,Assam,P1,2022-12-07,Gujarati,True
U01551,Aayush Chaudhary,21,Female,Indore,Madhya Pradesh,P4,2026-05-24,English,True
U01552,Jeevika Goyal,31,Other,Coimbatore,Tamil Nadu,P3,2026-03-27,Bengali,False
U01553,Pratyush Pant,37,Other,Mumbai,Maharashtra,P3,2024-04-18,Tamil,True
U01554,Tanish Varkey,40,Male,Bhopal,Madhya Pradesh,P2,2026-06-18,Kannada,True
U01555,Dipta Dasgupta,35,Other,Bhubaneswar,Odisha,P2,2023-06-13,English,True
U01556,Warhi Patel,36,Female,Bhopal,Madhya Pradesh,P3,2024-05-26,Hindi,True
U01557,Fitan Narang,21,Other,Bhopal,Madhya Pradesh,P2,2025-05-10,Kannada,True
U01558,Bhanumati Shan,28,Male,Coimbatore,Tamil Nadu,P1,2024-07-06,Telugu,True
U01559,Sachi Kara,29,Male,Kochi,Kerala,P3,2024-12-09,Hindi,False
U01560,Priya Gulati,21,Male,Coimbatore,Tamil Nadu,P2,2024-10-02,Malayalam,True
U01561,Jhalak Gola,23,Male,Patna,Bihar,P4,2025-12-18,Bengali,False
U01562,Henry Randhawa,62,Female,Jaipur,Rajasthan,P2,2022-08-03,Hindi,True
U01563,Jagdish Dhar,22,Other,Hyderabad,Telangana,P2,2024-04-16,Bengali,True
U01564,Om Bhattacharyya,64,Other,Ahmedabad,Gujarat,P3,2024-02-12,Telugu,False
U01565,Hamsini Iyer,37,Male,Coimbatore,Tamil Nadu,P3,2023-12-29,English,True
U01566,Jason Kaul,43,Other,Guwahati,Assam,P2,2024-12-01,English,True
U01567,Arya Mahajan,32,Other,Hyderabad,Telangana,P1,2025-11-21,Hindi,True
U01568,Ishani Soni,45,Other,Surat,Gujarat,P1,2025-07-24,English,True
U01569,Vedhika Vaidya,44,Male,Bengaluru,Karnataka,P1,2025-03-16,Telugu,True
U01570,Hritik Das,53,Female,Chandigarh,Punjab,P2,2023-08-27,Tamil,True
U01571,Vihaan Desai,49,Other,Bhopal,Madhya Pradesh,P3,2023-07-17,Telugu,True
U01572,Ekansh Tara,32,Female,Surat,Gujarat,P2,2022-08-28,Bengali,True
U01573,Lavanya Narain,56,Male,Kolkata,West Bengal,P1,2025-04-01,Telugu,True
U01574,Faraj Venkatesh,53,Male,Indore,Madhya Pradesh,P3,2023-02-24,Bengali,True
U01575,Saksham Memon,31,Other,Delhi,Delhi,P2,2025-08-10,English,False
U01576,Yamini Lal,28,Male,Bhubaneswar,Odisha,P3,2025-03-09,Hindi,True
U01577,Azad Sani,45,Male,Delhi,Delhi,P2,2024-09-15,English,False
U01578,Leela Sengupta,38,Male,Lucknow,Uttar Pradesh,P1,2026-01-21,Bengali,True
U01579,Saanvi Sharaf,49,Female,Guwahati,Assam,P2,2023-10-18,Kannada,True
U01580,Chavvi Gala,58,Other,Nagpur,Maharashtra,P1,2022-09-06,English,False
U01581,Devika Ramachandran,59,Female,Patna,Bihar,P2,2024-07-03,Telugu,False
U01582,Vritti Zacharia,48,Other,Bhopal,Madhya Pradesh,P2,2024-06-27,Malayalam,True
U01583,Naksh Toor,17,Female,Chennai,Tamil Nadu,P2,2024-10-28,Bengali,True
U01584,Warda Purohit,51,Female,Chennai,Tamil Nadu,P3,2022-10-05,Hindi,True
U01585,Bhavani Nagi,57,Male,Bhubaneswar,Odisha,P2,2025-01-02,Kannada,True
U01586,Kabir Peri,54,Female,Delhi,Delhi,P4,2022-10-13,Bengali,True
U01587,Harita Rai,40,Other,Kolkata,West Bengal,P2,2023-12-07,Tamil,True
U01588,Ishanvi Sabharwal,37,Male,Lucknow,Uttar Pradesh,P2,2022-12-05,Tamil,True
U01589,Yug Keer,58,Male,Bhubaneswar,Odisha,P2,2023-12-11,Marathi,True
U01590,Dominic Mody,53,Male,Nagpur,Maharashtra,P2,2025-02-16,Hindi,False
U01591,Anmol Yohannan,29,Female,Kolkata,West Bengal,P4,2022-12-30,Bengali,True
U01592,Pahal Varma,63,Other,Guwahati,Assam,P2,2023-11-04,Tamil,True
U01593,Anmol Singh,18,Male,Delhi,Delhi,P2,2026-02-21,English,True
U01594,Krishna Ramakrishnan,43,Female,Mumbai,Maharashtra,P3,2024-11-21,English,True
U01595,Vrinda Chaudhry,36,Female,Hyderabad,Telangana,P2,2023-10-30,Hindi,True
U01596,Gayathri Taneja,39,Female,Bengaluru,Karnataka,P1,2025-04-20,Bengali,True
U01597,Ojas Mistry,27,Other,Kochi,Kerala,P1,2024-07-19,Hindi,True
U01598,Saksham Taneja,32,Female,Kochi,Kerala,P1,2023-12-28,English,False
U01599,Tanish Mani,47,Male,Hyderabad,Telangana,P1,2025-01-29,Bengali,True
U01600,Neelima Kara,30,Other,Nagpur,Maharashtra,P2,2023-08-07,English,True
U01601,Girish Nayar,59,Other,Delhi,Delhi,P1,2025-01-13,English,True
U01602,Prisha Kadakia,56,Male,Patna,Bihar,P2,2023-08-19,English,False
U01603,Chasmum Thaman,58,Other,Hyderabad,Telangana,P1,2023-12-05,Tamil,True
U01604,Dhriti Iyengar,16,Male,Guwahati,Assam,P2,2025-10-02,Malayalam,True
U01605,Yutika Setty,49,Male,Chennai,Tamil Nadu,P2,2024-03-12,Bengali,True
U01606,Anirudh Varty,56,Other,Patna,Bihar,P4,2025-03-23,Telugu,True
U01607,Tanay Sibal,48,Other,Surat,Gujarat,P4,2025-12-27,English,False
U01608,Darpan Vig,44,Female,Mumbai,Maharashtra,P1,2023-08-11,English,True
U01609,Manbir Khosla,27,Other,Bhopal,Madhya Pradesh,P4,2023-05-05,Hindi,False
U01610,Radhika Roy,27,Other,Lucknow,Uttar Pradesh,P1,2023-02-20,Telugu,True
U01611,Samar Sachar,32,Male,Bengaluru,Karnataka,P2,2023-10-24,Malayalam,True
U01612,Naveen Kunda,46,Male,Jaipur,Rajasthan,P3,2023-08-09,Tamil,False
U01613,Nidra Khare,46,Female,Kochi,Kerala,P3,2025-04-14,Tamil,False
U01614,Ayaan Korpal,49,Other,Surat,Gujarat,P1,2022-12-28,Gujarati,True
U01615,Ucchal Sunder,53,Female,Surat,Gujarat,P4,2025-09-22,Hindi,True
U01616,Pahal Bansal,60,Male,Mumbai,Maharashtra,P2,2024-10-10,Kannada,True
U01617,Laban Balakrishnan,43,Other,Patna,Bihar,P2,2023-05-07,Bengali,True
U01618,Patrick Basak,63,Other,Coimbatore,Tamil Nadu,P1,2023-07-28,Tamil,True
U01619,Anmol Bhakta,43,Female,Surat,Gujarat,P2,2026-05-24,Punjabi,True
U01620,Dipta Misra,58,Male,Bhubaneswar,Odisha,P2,2025-12-22,Malayalam,True
U01621,Januja Chana,30,Female,Mumbai,Maharashtra,P1,2026-01-02,Marathi,True
U01622,Warinder Choudhury,58,Female,Ahmedabad,Gujarat,P2,2024-02-15,Bengali,True
U01623,Zayan Taneja,61,Other,Pune,Maharashtra,P1,2024-10-27,Tamil,True
U01624,Jason Munshi,24,Female,Ahmedabad,Gujarat,P1,2026-01-28,Punjabi,True
U01625,Warinder Sampath,44,Other,Nagpur,Maharashtra,P4,2023-11-09,Tamil,True
U01626,Parth Kala,39,Female,Bhopal,Madhya Pradesh,P1,2023-05-30,Telugu,True
U01627,Nilima Kumar,53,Other,Coimbatore,Tamil Nadu,P1,2026-06-02,Telugu,True
U01628,Vritti Walla,34,Other,Guwahati,Assam,P1,2025-12-27,Hindi,True
U01629,Edhitha Sampath,19,Male,Jaipur,Rajasthan,P4,2024-01-14,Kannada,True
U01630,Arunima Dhillon,15,Other,Jaipur,Rajasthan,P1,2024-06-08,Hindi,False
U01631,Darika Bail,44,Other,Coimbatore,Tamil Nadu,P2,2023-12-28,Telugu,True
U01632,Chatura Khatri,63,Other,Patna,Bihar,P2,2025-02-12,Hindi,False
U01633,Dayamai Patil,17,Female,Patna,Bihar,P3,2023-07-20,English,True
U01634,Warjas Savant,59,Other,Surat,Gujarat,P2,2026-02-24,Bengali,False
U01635,Aadhya Mitra,28,Female,Ahmedabad,Gujarat,P1,2024-02-03,Telugu,True
U01636,Chameli Kade,44,Male,Bhopal,Madhya Pradesh,P1,2022-11-24,Kannada,True
U01637,Reva Nadig,64,Female,Ahmedabad,Gujarat,P4,2025-12-22,Marathi,False
U01638,Bahadurjit Mahal,18,Female,Pune,Maharashtra,P1,2026-01-20,Hindi,True
U01639,Urishilla Sachar,32,Male,Mumbai,Maharashtra,P2,2026-01-01,Tamil,True
U01640,Pahal Chaudhry,51,Male,Kochi,Kerala,P3,2026-03-30,Hindi,True
U01641,Yashawini Bhatti,39,Female,Kochi,Kerala,P3,2025-11-01,Telugu,True
U01642,Sudiksha Bala,62,Other,Bengaluru,Karnataka,P3,2023-12-12,English,True
U01643,Sachi Deshpande,15,Male,Surat,Gujarat,P2,2025-08-02,Punjabi,False
U01644,Dalaja Murthy,60,Other,Bhopal,Madhya Pradesh,P1,2022-07-20,Hindi,True
U01645,Nakul Krish,29,Other,Surat,Gujarat,P1,2024-11-03,Tamil,True
U01646,Nirja Nagarajan,23,Female,Delhi,Delhi,P2,2024-08-08,Malayalam,True
U01647,Abha Ghose,29,Male,Bhubaneswar,Odisha,P3,2024-05-05,Malayalam,True
U01648,Baghyawati Issac,63,Female,Bhubaneswar,Odisha,P1,2025-04-15,Telugu,True
U01649,Qabil Ramaswamy,38,Female,Bhubaneswar,Odisha,P2,2022-11-16,Tamil,True
U01650,Ansh Bajaj,18,Female,Mumbai,Maharashtra,P2,2026-01-16,Tamil,True
U01651,Gaurav Shere,26,Male,Mumbai,Maharashtra,P2,2026-03-25,Tamil,False
U01652,Chandran Rattan,51,Other,Guwahati,Assam,P1,2023-05-01,English,True
U01653,Manthan Chakraborty,51,Male,Bhubaneswar,Odisha,P2,2025-01-03,Hindi,True
U01654,Jacob Atwal,57,Female,Chennai,Tamil Nadu,P1,2026-05-15,Telugu,True
U01655,Sudiksha Talwar,20,Other,Chandigarh,Punjab,P1,2025-05-30,Bengali,True
U01656,Rayaan Lata,53,Female,Lucknow,Uttar Pradesh,P2,2023-01-05,English,True
U01657,Lavanya De,60,Male,Guwahati,Assam,P2,2023-09-09,Hindi,True
U01658,Tanveer Mandal,38,Female,Coimbatore,Tamil Nadu,P3,2024-04-06,English,False
U01659,Omya Gole,25,Female,Pune,Maharashtra,P3,2025-06-11,Hindi,True
U01660,Ayush Mannan,27,Female,Surat,Gujarat,P2,2024-03-03,Malayalam,True
U01661,Shravya Kothari,48,Female,Kochi,Kerala,P2,2026-06-11,English,True
U01662,Frederick Anne,39,Male,Delhi,Delhi,P2,2024-01-07,Tamil,True
U01663,Mitali Kala,21,Male,Surat,Gujarat,P2,2024-05-31,Telugu,True
U01664,Aahana Bora,18,Female,Kochi,Kerala,P3,2025-05-23,Hindi,True
U01665,Charles Natarajan,22,Male,Mumbai,Maharashtra,P2,2022-12-02,English,True
U01666,Irya Bath,34,Male,Chennai,Tamil Nadu,P1,2026-04-06,Tamil,False
U01667,Chasmum Rana,43,Male,Chandigarh,Punjab,P1,2022-07-23,Hindi,True
U01668,Benjamin Gola,59,Other,Ahmedabad,Gujarat,P3,2025-03-22,Hindi,False
U01669,Harinakshi Sidhu,60,Male,Ahmedabad,Gujarat,P1,2023-07-31,Hindi,True
U01670,Rachita Dhar,24,Other,Hyderabad,Telangana,P1,2023-01-24,Hindi,True
U01671,Chaitanya Datta,57,Male,Hyderabad,Telangana,P1,2023-07-31,English,True
U01672,Jalsa Sani,48,Other,Chandigarh,Punjab,P2,2024-07-14,Punjabi,False
U01673,Aishani Varughese,40,Male,Patna,Bihar,P3,2023-09-02,Hindi,False
U01674,Diya Swamy,55,Male,Chennai,Tamil Nadu,P3,2023-10-16,Telugu,True
U01675,Ria Bera,63,Other,Kochi,Kerala,P2,2025-08-04,Hindi,True
U01676,Victor Goswami,17,Other,Bhubaneswar,Odisha,P2,2023-04-18,English,True
U01677,Nihal Sibal,20,Female,Ahmedabad,Gujarat,P1,2022-09-06,Kannada,False
U01678,Banjeet Sathe,19,Male,Guwahati,Assam,P3,2024-04-13,Bengali,True
U01679,Tanvi Tailor,19,Other,Bhubaneswar,Odisha,P1,2023-12-18,English,False
U01680,Jatin Palla,61,Other,Indore,Madhya Pradesh,P2,2022-12-27,Telugu,True
U01681,Pranit Ganguly,37,Female,Chandigarh,Punjab,P2,2022-11-29,Bengali,True
U01682,Simon Agrawal,63,Other,Jaipur,Rajasthan,P2,2025-07-15,Marathi,True
U01683,Omaja Bose,23,Male,Delhi,Delhi,P1,2024-08-22,Telugu,True
U01684,Girindra Narasimhan,49,Female,Pune,Maharashtra,P1,2023-07-10,Tamil,False
U01685,Meera Prakash,34,Male,Chandigarh,Punjab,P1,2022-08-22,Hindi,True
U01686,Ekiya Dube,63,Male,Surat,Gujarat,P2,2024-11-24,Tamil,True
U01687,Varsha Setty,56,Female,Bhubaneswar,Odisha,P1,2022-08-27,Telugu,True
U01688,Abdul Narayan,49,Female,Nagpur,Maharashtra,P1,2025-01-19,Hindi,True
U01689,Ekta Dayal,64,Female,Jaipur,Rajasthan,P2,2026-06-01,Kannada,True
U01690,Barkha Naidu,32,Other,Indore,Madhya Pradesh,P2,2023-05-20,Hindi,True
U01691,Lakshmi Chanda,31,Male,Ahmedabad,Gujarat,P1,2025-09-24,English,True
U01692,Wriddhish Rastogi,38,Female,Kochi,Kerala,P1,2024-02-18,English,True
U01693,Nicholas Rama,17,Other,Jaipur,Rajasthan,P1,2022-11-23,Gujarati,False
U01694,Mitesh Dara,46,Male,Coimbatore,Tamil Nadu,P4,2025-08-27,Bengali,True
U01695,Dayita Deep,49,Female,Chandigarh,Punjab,P3,2023-09-25,Marathi,False
U01696,Jhalak Vala,52,Other,Mumbai,Maharashtra,P2,2023-12-22,Gujarati,False
U01697,Lipika Soni,27,Other,Bhopal,Madhya Pradesh,P1,2023-05-04,Bengali,True
U01698,Gautam Sami,61,Other,Indore,Madhya Pradesh,P2,2023-08-12,Bengali,True
U01699,Radha Sandhu,39,Male,Surat,Gujarat,P1,2025-10-12,English,True
U01700,Ubika Kapur,23,Female,Patna,Bihar,P1,2022-11-28,Malayalam,True
U01701,Warhi Vyas,18,Male,Chennai,Tamil Nadu,P2,2025-02-16,English,True
U01702,Bina Sidhu,28,Female,Nagpur,Maharashtra,P3,2025-01-20,English,True
U01703,Charita Dixit,51,Other,Bhopal,Madhya Pradesh,P3,2024-04-14,Telugu,True
U01704,Yuvraj Virk,48,Male,Mumbai,Maharashtra,P2,2026-06-22,Marathi,True
U01705,Faraj Bath,25,Other,Kochi,Kerala,P2,2024-03-31,Kannada,True
U01706,Nitara Chandra,55,Male,Bhopal,Madhya Pradesh,P4,2024-08-04,Marathi,True
U01707,Isha Kumar,17,Male,Bhopal,Madhya Pradesh,P1,2024-05-24,English,False
U01708,Ishaan Shere,42,Male,Lucknow,Uttar Pradesh,P1,2024-11-17,Bengali,True
U01709,Maya Bath,43,Male,Bhubaneswar,Odisha,P2,2023-04-04,Hindi,False
U01710,Dipta Sha,23,Male,Bhopal,Madhya Pradesh,P1,2022-11-14,English,True
U01711,Alka Om,17,Other,Surat,Gujarat,P1,2025-07-26,Hindi,True
U01712,Siddharth Goyal,39,Male,Patna,Bihar,P2,2026-05-28,Hindi,True
U01713,Hitesh Saraf,48,Male,Bengaluru,Karnataka,P2,2022-11-07,Hindi,True
U01714,Megha Dada,26,Other,Patna,Bihar,P3,2024-09-03,Telugu,True
U01715,Triveni Ravel,56,Other,Lucknow,Uttar Pradesh,P2,2022-08-04,Bengali,True
U01716,Chavvi Patel,23,Male,Pune,Maharashtra,P1,2026-01-05,English,False
U01717,Chasmum Chahal,29,Other,Bhubaneswar,Odisha,P3,2025-04-20,English,True
U01718,Rayaan Choudhury,54,Other,Nagpur,Maharashtra,P2,2023-01-14,Hindi,True
U01719,Avi Kadakia,39,Other,Surat,Gujarat,P1,2025-10-20,Bengali,True
U01720,Wyatt Sarin,19,Male,Kolkata,West Bengal,P2,2024-06-17,Kannada,True
U01721,Gabriel Mitra,25,Other,Surat,Gujarat,P2,2025-11-27,Hindi,True
U01722,Urvi Sami,48,Male,Bhopal,Madhya Pradesh,P2,2025-08-13,Hindi,False
U01723,Michael Saxena,38,Other,Jaipur,Rajasthan,P3,2022-08-16,English,False
U01724,Anmol Sengupta,29,Female,Pune,Maharashtra,P4,2026-05-24,Gujarati,True
U01725,Chaitaly Ramanathan,52,Male,Chandigarh,Punjab,P1,2024-11-17,Telugu,True
U01726,Harshil Sankaran,22,Female,Patna,Bihar,P2,2022-09-28,Hindi,True
U01727,Bina Bansal,19,Other,Mumbai,Maharashtra,P1,2026-06-16,Bengali,True
U01728,Yochana Sura,62,Male,Kochi,Kerala,P2,2024-06-27,English,True
U01729,Anirudh Sami,40,Male,Hyderabad,Telangana,P2,2023-06-19,English,True
U01730,Amrita Sahni,32,Male,Nagpur,Maharashtra,P2,2024-11-04,Telugu,True
U01731,Warda Palan,20,Female,Surat,Gujarat,P1,2026-02-04,Malayalam,True
U01732,Ansh Edwin,51,Male,Mumbai,Maharashtra,P2,2024-05-01,English,True
U01733,Upasna Padmanabhan,62,Other,Bhopal,Madhya Pradesh,P1,2023-09-09,Bengali,True
U01734,Harinakshi Sidhu,27,Male,Chennai,Tamil Nadu,P2,2024-04-16,Hindi,True
U01735,Madhavi Saha,42,Other,Coimbatore,Tamil Nadu,P1,2023-01-23,Hindi,True
U01736,Urmi Edwin,19,Other,Indore,Madhya Pradesh,P2,2025-11-14,Bengali,True
U01737,Gabriel Subramanian,27,Other,Lucknow,Uttar Pradesh,P2,2025-01-09,Hindi,True
U01738,Naksh Swamy,31,Female,Pune,Maharashtra,P4,2023-01-20,Kannada,True
U01739,Wakeeta Mitter,64,Male,Mumbai,Maharashtra,P2,2022-12-10,English,True
U01740,Andrew Parmer,54,Male,Bengaluru,Karnataka,P1,2023-06-23,Bengali,False
U01741,Nathan Ghosh,59,Male,Kolkata,West Bengal,P2,2026-01-23,English,True
U01742,Devansh Nazareth,46,Other,Kochi,Kerala,P1,2025-11-06,Hindi,True
U01743,Jai Kapur,43,Female,Coimbatore,Tamil Nadu,P2,2024-04-05,Hindi,True
U01744,Isha Batra,17,Male,Chandigarh,Punjab,P1,2024-06-25,English,True
U01745,Matthew Varma,54,Male,Bhopal,Madhya Pradesh,P1,2025-08-14,Hindi,True
U01746,Chandresh Sarma,48,Male,Bhubaneswar,Odisha,P2,2024-12-14,Kannada,True
U01747,Hitesh Chaudry,54,Male,Bhubaneswar,Odisha,P2,2025-09-25,Bengali,True
U01748,Yashica Cheema,41,Male,Guwahati,Assam,P1,2025-10-31,Tamil,False
U01749,Samesh Pathak,27,Other,Bhopal,Madhya Pradesh,P2,2023-03-17,Hindi,True
U01750,Riya Toor,59,Other,Kochi,Kerala,P4,2023-03-02,Telugu,True
U01751,Mitesh Patla,47,Female,Bhubaneswar,Odisha,P4,2024-07-13,English,True
U01752,Jason Jaggi,20,Other,Ahmedabad,Gujarat,P2,2023-11-16,Gujarati,True
U01753,Abeer Korpal,38,Male,Bhubaneswar,Odisha,P3,2024-04-17,English,True
U01754,Harita Mangat,33,Male,Ahmedabad,Gujarat,P2,2025-11-16,Hindi,True
U01755,Amaira Pradhan,30,Male,Pune,Maharashtra,P1,2024-07-22,Tamil,True
U01756,Jalsa Korpal,54,Female,Bhubaneswar,Odisha,P4,2025-05-25,Bengali,True
U01757,Vedant Devi,42,Male,Jaipur,Rajasthan,P1,2023-02-22,Telugu,False
U01758,Nimrat Shanker,47,Male,Lucknow,Uttar Pradesh,P3,2025-09-29,Malayalam,True
U01759,Ayushman Savant,62,Male,Ahmedabad,Gujarat,P1,2026-05-06,Kannada,True
U01760,Zansi Boase,55,Other,Ahmedabad,Gujarat,P3,2023-02-13,Bengali,True
U01761,Neelima Gala,27,Male,Bhopal,Madhya Pradesh,P2,2022-11-16,English,True
U01762,Balhaar Dora,57,Male,Nagpur,Maharashtra,P1,2024-04-10,Hindi,False
U01763,Zinal Merchant,59,Male,Pune,Maharashtra,P1,2026-02-23,Tamil,False
U01764,Dipta Padmanabhan,39,Male,Pune,Maharashtra,P1,2024-03-19,English,True
U01765,Manan Raval,56,Male,Kolkata,West Bengal,P2,2022-07-27,English,True
U01766,Riya Pai,50,Female,Lucknow,Uttar Pradesh,P1,2024-04-27,Punjabi,True
U01767,Rudra Mitra,41,Female,Nagpur,Maharashtra,P1,2026-02-01,English,True
U01768,Madhavi Date,52,Other,Surat,Gujarat,P2,2022-11-16,Bengali,True
U01769,Tanay Chander,21,Female,Nagpur,Maharashtra,P1,2024-08-14,English,True
U01770,Harini Dutta,19,Male,Lucknow,Uttar Pradesh,P2,2024-08-01,Telugu,True
U01771,Wyatt Modi,57,Female,Bhopal,Madhya Pradesh,P2,2022-08-19,English,True
U01772,Darpan Pradhan,59,Male,Nagpur,Maharashtra,P1,2025-06-11,Bengali,True
U01773,Jatin Batta,45,Other,Pune,Maharashtra,P1,2023-07-30,Bengali,True
U01774,Saumya Misra,37,Female,Bhopal,Madhya Pradesh,P4,2025-07-25,Punjabi,True
U01775,Sudiksha Nori,56,Other,Nagpur,Maharashtra,P1,2024-10-29,Hindi,False
U01776,Inaya Mistry,24,Other,Hyderabad,Telangana,P2,2026-06-21,Hindi,True
U01777,Krishna Venkatesh,46,Other,Jaipur,Rajasthan,P3,2023-09-04,English,True
U01778,Falak Varty,57,Other,Chandigarh,Punjab,P2,2025-06-27,English,True
U01779,Suhani Chaudhari,44,Male,Ahmedabad,Gujarat,P1,2024-11-12,Marathi,True
U01780,Nisha Bumb,53,Other,Mumbai,Maharashtra,P2,2023-02-15,Hindi,True
U01781,Kalpit Soni,45,Other,Chennai,Tamil Nadu,P1,2022-11-27,Tamil,True
U01782,Kala Vora,32,Male,Kolkata,West Bengal,P1,2023-05-25,Tamil,False
U01783,Aishani Tara,50,Male,Bhopal,Madhya Pradesh,P2,2024-02-24,Telugu,True
U01784,Vrishti Saha,16,Female,Patna,Bihar,P1,2025-01-30,English,True
U01785,Yashasvi Datta,28,Female,Coimbatore,Tamil Nadu,P2,2025-10-31,Tamil,True
U01786,Kai Varghese,27,Other,Bengaluru,Karnataka,P1,2024-06-23,Bengali,True
U01787,Simon Shah,43,Male,Chennai,Tamil Nadu,P1,2025-12-28,Marathi,True
U01788,Kala Dani,26,Male,Lucknow,Uttar Pradesh,P1,2024-06-06,Malayalam,True
U01789,Imaran Dara,53,Female,Bengaluru,Karnataka,P3,2024-12-10,Telugu,True
U01790,Banjeet Virk,16,Female,Patna,Bihar,P1,2024-01-06,Hindi,True
U01791,Dalaja Prasad,46,Male,Nagpur,Maharashtra,P1,2023-02-24,Telugu,True
U01792,Ayaan Dhar,27,Other,Kolkata,West Bengal,P1,2023-10-02,Hindi,True
U01793,Chanakya Mody,60,Female,Jaipur,Rajasthan,P4,2023-02-08,English,False
U01794,Qadim Suresh,41,Male,Hyderabad,Telangana,P3,2026-02-03,Hindi,True
U01795,Ekansh Basu,63,Female,Hyderabad,Telangana,P1,2022-07-19,Hindi,True
U01796,Sneha Nazareth,55,Male,Nagpur,Maharashtra,P2,2024-03-17,Hindi,True
U01797,Kevin Devi,31,Male,Mumbai,Maharashtra,P2,2025-08-30,Hindi,True
U01798,Shivani Sen,54,Other,Mumbai,Maharashtra,P2,2024-07-22,Gujarati,True
U01799,Gaurav Rout,45,Female,Nagpur,Maharashtra,P2,2023-02-18,Tamil,True
U01800,Harinakshi Zachariah,48,Male,Kochi,Kerala,P4,2024-02-01,Marathi,True
U01801,Arunima Chakrabarti,38,Female,Bhopal,Madhya Pradesh,P2,2022-09-20,Kannada,True
U01802,Dayamai Dasgupta,59,Other,Mumbai,Maharashtra,P2,2026-01-01,English,False
U01803,Reyansh Bera,49,Male,Chennai,Tamil Nadu,P1,2025-02-10,Malayalam,True
U01804,Vamakshi Thakkar,62,Other,Ahmedabad,Gujarat,P2,2026-05-14,Bengali,False
U01805,Pranit Bahl,20,Male,Indore,Madhya Pradesh,P2,2026-02-15,Hindi,True
U01806,Yatan Sawhney,33,Female,Kochi,Kerala,P1,2023-08-21,Kannada,False
U01807,Neelima Bath,44,Male,Kochi,Kerala,P2,2022-11-16,Tamil,True
U01808,Harini Sarkar,21,Female,Bhubaneswar,Odisha,P3,2024-07-03,English,False
U01809,Edhitha Raja,24,Other,Nagpur,Maharashtra,P4,2023-04-05,Kannada,True
U01810,Hardik Ganguly,55,Other,Lucknow,Uttar Pradesh,P2,2023-07-26,Hindi,True
U01811,Aadhya Chakraborty,46,Other,Guwahati,Assam,P3,2023-09-05,Telugu,True
U01812,Omkaar Bhargava,48,Other,Bengaluru,Karnataka,P1,2023-02-26,Gujarati,False
U01813,Pratyush Bala,42,Female,Surat,Gujarat,P1,2024-12-29,Marathi,True
U01814,Madhavi Chaudhary,29,Male,Coimbatore,Tamil Nadu,P1,2025-05-23,Hindi,False
U01815,Ekiya Kuruvilla,44,Other,Bengaluru,Karnataka,P1,2023-10-26,Hindi,False
U01816,Charles Jain,51,Female,Kochi,Kerala,P4,2024-01-15,Hindi,True
U01817,Waida Trivedi,43,Other,Nagpur,Maharashtra,P4,2023-07-01,Hindi,True
U01818,Ishwar Luthra,36,Female,Coimbatore,Tamil Nadu,P2,2025-07-19,Hindi,True
U01819,Niharika Bhatti,18,Other,Ahmedabad,Gujarat,P4,2022-10-12,Hindi,True
U01820,Vivaan Bahl,34,Other,Bhopal,Madhya Pradesh,P2,2024-06-22,Punjabi,True
U01821,Yatin Dass,46,Male,Ahmedabad,Gujarat,P1,2023-08-13,English,True
U01822,Sanaya Chacko,50,Male,Kochi,Kerala,P2,2023-10-04,Bengali,True
U01823,Lucky Prakash,64,Female,Chandigarh,Punjab,P1,2025-12-03,Marathi,True
U01824,Yatan Yogi,18,Other,Mumbai,Maharashtra,P1,2024-09-12,Telugu,False
U01825,Benjamin Agarwal,41,Female,Patna,Bihar,P1,2026-05-07,Bengali,False
U01826,Oliver Acharya,31,Other,Chennai,Tamil Nadu,P2,2025-10-15,Tamil,True
U01827,Anjali Krishna,26,Female,Mumbai,Maharashtra,P2,2022-10-11,English,True
U01828,Indali Kala,36,Female,Lucknow,Uttar Pradesh,P3,2025-11-23,Bengali,True
U01829,Chakradev Edwin,31,Other,Lucknow,Uttar Pradesh,P1,2024-11-16,Malayalam,False
U01830,Charita Chakraborty,24,Female,Delhi,Delhi,P2,2025-06-29,Telugu,True
U01831,Logan Mammen,15,Other,Jaipur,Rajasthan,P4,2024-02-13,Tamil,True
U01832,Yamini Nadkarni,36,Other,Pune,Maharashtra,P2,2026-01-19,Punjabi,True
U01833,Advika Sethi,40,Other,Kochi,Kerala,P1,2026-01-27,Hindi,True
U01834,Harita Kade,32,Male,Ahmedabad,Gujarat,P2,2023-08-18,Marathi,True
U01835,Amol Deol,64,Female,Nagpur,Maharashtra,P2,2024-05-17,Gujarati,True
U01836,Vamakshi Agrawal,28,Other,Kolkata,West Bengal,P4,2025-02-14,English,True
U01837,Odika Suresh,61,Female,Nagpur,Maharashtra,P4,2026-02-22,English,True
U01838,Faras Yohannan,43,Male,Lucknow,Uttar Pradesh,P1,2025-08-02,Bengali,True
U01839,Jatin Pandit,26,Other,Hyderabad,Telangana,P1,2022-08-30,Malayalam,True
U01840,Ishita Ram,50,Male,Lucknow,Uttar Pradesh,P2,2026-06-05,Tamil,True
U01841,Jeet Shere,49,Male,Nagpur,Maharashtra,P1,2023-03-31,Hindi,True
U01842,Sai Andra,26,Male,Pune,Maharashtra,P2,2024-01-08,English,False
U01843,Avni Parmar,21,Male,Hyderabad,Telangana,P2,2023-06-04,English,False
U01844,Timothy Kaur,43,Male,Kolkata,West Bengal,P4,2023-04-21,English,True
U01845,Balhaar Mand,25,Other,Delhi,Delhi,P1,2026-06-16,Tamil,True
U01846,Abhimanyu Hayre,47,Female,Chennai,Tamil Nadu,P2,2024-07-05,Hindi,True
U01847,Indrajit Mall,20,Other,Bhopal,Madhya Pradesh,P2,2026-06-23,Tamil,True
U01848,Onkar Hari,61,Other,Bhopal,Madhya Pradesh,P3,2024-10-24,Tamil,True
U01849,Dhruv Dave,29,Other,Bhopal,Madhya Pradesh,P1,2025-03-06,English,True
U01850,Aashi Kari,46,Female,Hyderabad,Telangana,P1,2025-07-09,Tamil,False
U01851,Rehaan Bajaj,25,Other,Ahmedabad,Gujarat,P1,2026-01-23,Gujarati,True
U01852,Sudiksha Agate,37,Male,Hyderabad,Telangana,P3,2026-07-04,English,False
U01853,Ekantika Sankaran,40,Male,Patna,Bihar,P1,2026-04-16,Hindi,True
U01854,Anusha Dara,48,Other,Coimbatore,Tamil Nadu,P1,2025-11-30,Hindi,True
U01855,Warhi Pathak,60,Other,Coimbatore,Tamil Nadu,P3,2025-04-04,Telugu,True
U01856,Udarsh Batta,48,Other,Guwahati,Assam,P2,2024-08-09,Hindi,True
U01857,Saumya Mutti,43,Other,Hyderabad,Telangana,P1,2023-08-26,Bengali,True
U01858,Gaurika Bumb,18,Male,Surat,Gujarat,P3,2022-07-23,Hindi,True
U01859,Upkaar Sampath,31,Female,Kolkata,West Bengal,P1,2026-01-21,Malayalam,True
U01860,Ronith Gala,49,Female,Hyderabad,Telangana,P2,2026-05-15,Punjabi,True
U01861,Gunbir Bala,27,Male,Mumbai,Maharashtra,P1,2023-11-08,Marathi,True
U01862,Gaurika Krishna,55,Female,Lucknow,Uttar Pradesh,P2,2024-06-16,Hindi,True
U01863,William Oak,53,Female,Kochi,Kerala,P2,2023-07-12,Tamil,True
U01864,Zinal Khalsa,29,Male,Hyderabad,Telangana,P2,2025-11-13,Hindi,True
U01865,Girish Sekhon,43,Male,Lucknow,Uttar Pradesh,P3,2026-04-24,Marathi,True
U01866,Darsh Bandi,43,Female,Pune,Maharashtra,P2,2024-11-07,Hindi,True
U01867,Joshua Bhatia,25,Female,Bengaluru,Karnataka,P2,2024-01-18,English,False
U01868,Christopher Mitra,46,Female,Bhopal,Madhya Pradesh,P2,2026-03-19,Bengali,False
U01869,Dominic Chaudry,16,Male,Chennai,Tamil Nadu,P2,2024-12-24,Tamil,True
U01870,Chaitaly Raj,61,Other,Pune,Maharashtra,P2,2025-03-31,Tamil,False
U01871,Viraj Anne,28,Male,Bhubaneswar,Odisha,P1,2024-02-22,English,True
U01872,Priya Chaudhuri,34,Other,Bhopal,Madhya Pradesh,P1,2024-05-08,Hindi,True
U01873,Sudiksha Varughese,36,Other,Coimbatore,Tamil Nadu,P1,2023-11-24,English,True
U01874,Hritik Chauhan,25,Female,Bengaluru,Karnataka,P2,2023-11-07,Bengali,True
U01875,Rishi Date,41,Male,Ahmedabad,Gujarat,P1,2022-08-02,English,False
U01876,Isha Sama,17,Male,Bhopal,Madhya Pradesh,P4,2025-02-01,Hindi,True
U01877,Quincy Kibe,31,Female,Lucknow,Uttar Pradesh,P2,2024-06-18,Hindi,True
U01878,Darpan Datta,58,Other,Guwahati,Assam,P3,2023-02-02,English,True
U01879,Yochana Parmar,42,Female,Delhi,Delhi,P1,2023-10-14,Hindi,True
U01880,Manan Singh,43,Female,Coimbatore,Tamil Nadu,P2,2023-10-13,Telugu,True
U01881,Bishakha Pillay,35,Other,Mumbai,Maharashtra,P2,2023-10-09,Hindi,True
U01882,Dakshesh Khanna,61,Female,Bhopal,Madhya Pradesh,P2,2026-06-02,Hindi,True
U01883,Pahal Padmanabhan,30,Male,Chandigarh,Punjab,P2,2024-07-25,Bengali,True
U01884,Saksham Biswas,51,Female,Surat,Gujarat,P1,2023-04-27,Bengali,True
U01885,Unni Narula,34,Other,Jaipur,Rajasthan,P4,2023-11-27,Marathi,False
U01886,Chandani Sahota,20,Male,Ahmedabad,Gujarat,P1,2025-12-11,Marathi,True
U01887,Suhani Basak,33,Other,Kochi,Kerala,P3,2023-11-08,Hindi,True
U01888,Udant Karpe,19,Male,Bengaluru,Karnataka,P1,2024-07-09,Hindi,True
U01889,William Srivastava,17,Male,Nagpur,Maharashtra,P3,2024-05-27,Punjabi,True
U01890,Keya Jha,15,Male,Indore,Madhya Pradesh,P4,2025-06-23,Telugu,True
U01891,Janani Anne,52,Female,Coimbatore,Tamil Nadu,P2,2024-02-20,Hindi,True
U01892,Ishwar Dhar,29,Other,Mumbai,Maharashtra,P2,2022-10-31,Telugu,True
U01893,Jagvi Bassi,48,Male,Indore,Madhya Pradesh,P2,2023-09-13,Tamil,False
U01894,Rudra Mander,49,Male,Indore,Madhya Pradesh,P4,2026-06-09,Hindi,False
U01895,Owen Nori,63,Male,Indore,Madhya Pradesh,P2,2023-03-27,English,True
U01896,Pranav Hayre,39,Female,Chandigarh,Punjab,P4,2025-12-05,Kannada,True
U01897,Harrison Bail,38,Male,Coimbatore,Tamil Nadu,P3,2022-08-16,English,True
U01898,Ladli Choudhry,26,Other,Jaipur,Rajasthan,P1,2025-11-11,Tamil,True
U01899,Dalaja Shan,32,Other,Lucknow,Uttar Pradesh,P4,2023-11-22,Telugu,False
U01900,Onveer Vyas,29,Female,Surat,Gujarat,P3,2023-07-01,Hindi,True
U01901,Dhruv Dani,58,Female,Surat,Gujarat,P1,2026-06-12,Hindi,True
U01902,Ranveer Handa,30,Male,Kolkata,West Bengal,P2,2023-02-12,Hindi,True
U01903,Eesha Sanghvi,41,Male,Bengaluru,Karnataka,P2,2024-09-01,English,False
U01904,Chakradhar Gulati,22,Other,Mumbai,Maharashtra,P1,2026-06-12,English,True
U01905,Manthan Narang,60,Female,Chandigarh,Punjab,P1,2025-12-15,Kannada,True
U01906,Jonathan Trivedi,39,Female,Jaipur,Rajasthan,P1,2023-07-12,Tamil,True
U01907,Shaurya Bumb,31,Female,Chennai,Tamil Nadu,P2,2026-05-30,Hindi,False
U01908,Oliver Trivedi,43,Female,Pune,Maharashtra,P1,2025-09-04,Hindi,True
U01909,Wishi Venkataraman,22,Male,Kochi,Kerala,P4,2024-02-03,Bengali,False
U01910,Kashvi Vora,29,Female,Jaipur,Rajasthan,P1,2024-05-24,Telugu,True
U01911,Urvi Loyal,41,Female,Chennai,Tamil Nadu,P1,2025-04-25,Telugu,False
U01912,Sarthak Kanda,60,Male,Bhopal,Madhya Pradesh,P1,2024-11-11,Bengali,True
U01913,Wahab Randhawa,64,Other,Chandigarh,Punjab,P2,2026-02-12,Hindi,True
U01914,Krishna Dugar,21,Other,Kochi,Kerala,P2,2023-05-31,Bengali,True
U01915,Aachal Chad,17,Male,Lucknow,Uttar Pradesh,P1,2026-04-12,Bengali,True
U01916,Chakrika Saxena,43,Male,Chennai,Tamil Nadu,P2,2023-01-28,Hindi,True
U01917,Benjamin Shroff,58,Male,Jaipur,Rajasthan,P4,2024-08-11,Bengali,True
U01918,Pooja Seshadri,38,Male,Nagpur,Maharashtra,P2,2024-08-02,Bengali,True
U01919,Jhalak Tank,17,Other,Kolkata,West Bengal,P1,2024-05-29,Tamil,True
U01920,Aryan Gola,34,Male,Hyderabad,Telangana,P1,2023-10-22,English,True
U01921,Faqid Parmer,60,Other,Chennai,Tamil Nadu,P2,2024-04-21,Hindi,False
U01922,Yachana Varghese,29,Female,Bhopal,Madhya Pradesh,P2,2026-02-22,Bengali,False
U01923,Aradhana Kari,39,Female,Ahmedabad,Gujarat,P1,2024-09-21,Hindi,True
U01924,Jagvi Barad,44,Female,Delhi,Delhi,P1,2022-12-06,English,False
U01925,Ronith Narayan,28,Male,Patna,Bihar,P1,2024-09-20,Hindi,True
U01926,Rayaan Devi,21,Female,Kochi,Kerala,P1,2023-07-16,English,True
U01927,Abhiram Mistry,31,Female,Patna,Bihar,P1,2026-07-13,English,True
U01928,Netra Ravi,58,Other,Hyderabad,Telangana,P2,2023-08-31,Telugu,False
U01929,Urmi Vala,34,Female,Kochi,Kerala,P2,2025-10-28,Bengali,True
U01930,Mitali Kari,50,Other,Bhubaneswar,Odisha,P2,2026-06-30,English,True
U01931,Urvi Kaur,23,Male,Bengaluru,Karnataka,P3,2023-06-12,Tamil,True
U01932,Triya Oak,52,Other,Delhi,Delhi,P2,2024-08-07,Malayalam,True
U01933,Raghav Sanghvi,62,Male,Surat,Gujarat,P4,2025-09-14,Marathi,True
U01934,Shaurya Sarna,36,Male,Lucknow,Uttar Pradesh,P2,2025-08-14,Telugu,True
U01935,Kavya Dewan,16,Other,Chennai,Tamil Nadu,P1,2024-05-03,Bengali,False
U01936,Dalaja Andra,38,Female,Coimbatore,Tamil Nadu,P4,2024-11-05,English,True
U01937,Harinakshi Kar,22,Female,Patna,Bihar,P1,2024-07-15,Telugu,False
U01938,Chandani Nanda,25,Female,Mumbai,Maharashtra,P1,2024-03-19,Bengali,True
U01939,Liam Dube,27,Male,Delhi,Delhi,P4,2024-11-19,Bengali,True
U01940,Mahika Raj,31,Other,Bhopal,Madhya Pradesh,P2,2026-06-12,Kannada,False
U01941,Devansh Warrior,22,Other,Kolkata,West Bengal,P2,2023-05-10,English,True
U01942,Ikbal Narasimhan,35,Male,Bhopal,Madhya Pradesh,P2,2024-01-31,Hindi,True
U01943,Daksha Chander,32,Male,Pune,Maharashtra,P2,2024-10-25,Kannada,True
U01944,Azad Suresh,44,Other,Surat,Gujarat,P2,2023-03-23,Telugu,True
U01945,Ekaraj Raju,32,Female,Ahmedabad,Gujarat,P1,2022-08-24,Telugu,True
U01946,Bishakha Viswanathan,60,Female,Delhi,Delhi,P2,2023-09-03,Hindi,True
U01947,Jyoti Vasa,61,Female,Jaipur,Rajasthan,P4,2022-10-26,Kannada,True
U01948,Nirja Raman,45,Male,Ahmedabad,Gujarat,P4,2022-08-01,Telugu,True
U01949,Kai Yadav,52,Female,Chandigarh,Punjab,P2,2023-03-02,English,False
U01950,Lopa Jhaveri,46,Male,Coimbatore,Tamil Nadu,P1,2024-03-18,English,True
U01951,Dayita Sankaran,25,Other,Kochi,Kerala,P4,2023-01-21,Malayalam,False
U01952,Nathan Mukherjee,59,Female,Ahmedabad,Gujarat,P2,2025-10-22,Hindi,False
U01953,Anya Jaggi,39,Other,Coimbatore,Tamil Nadu,P2,2024-11-20,Hindi,True
U01954,Sanaya Bhatt,47,Female,Bhopal,Madhya Pradesh,P4,2022-07-26,Kannada,True
U01955,Falguni Swaminathan,52,Female,Coimbatore,Tamil Nadu,P1,2025-11-01,Hindi,True
U01956,Gavin Mani,55,Female,Guwahati,Assam,P2,2024-05-18,Hindi,True
U01957,Idika Mishra,22,Female,Patna,Bihar,P2,2025-02-14,Hindi,True
U01958,Ojasvi Krish,25,Male,Kolkata,West Bengal,P3,2024-02-07,Hindi,True
U01959,Tanvi Rajagopalan,36,Male,Kolkata,West Bengal,P2,2023-04-04,English,False
U01960,Girish Ramaswamy,38,Male,Bhopal,Madhya Pradesh,P2,2026-03-07,Hindi,True
U01961,Wriddhish Dugar,55,Other,Ahmedabad,Gujarat,P2,2025-05-01,Punjabi,True
U01962,Ekalinga Kalla,31,Male,Indore,Madhya Pradesh,P1,2023-08-19,Tamil,True
U01963,Jairaj Pillay,26,Male,Mumbai,Maharashtra,P1,2026-03-04,Bengali,True
U01964,Yamini Nanda,60,Male,Delhi,Delhi,P1,2022-11-04,English,False
U01965,Zayyan Johal,46,Male,Bhubaneswar,Odisha,P1,2024-03-06,Marathi,True
U01966,Avi Bora,29,Male,Kochi,Kerala,P3,2024-07-24,Hindi,True
U01967,Lakshmi Oza,30,Male,Guwahati,Assam,P3,2025-02-03,English,True
U01968,Mekhala Barad,36,Other,Ahmedabad,Gujarat,P1,2025-07-09,English,True
U01969,Laban Narain,42,Male,Mumbai,Maharashtra,P3,2022-07-31,Telugu,True
U01970,Vedhika Shenoy,34,Male,Patna,Bihar,P1,2025-03-21,Hindi,True
U01971,Raksha Dey,47,Female,Chennai,Tamil Nadu,P2,2022-10-23,Hindi,False
U01972,Neel Garde,24,Other,Bhopal,Madhya Pradesh,P2,2024-06-02,Malayalam,True
U01973,Peter Menon,54,Male,Kolkata,West Bengal,P4,2025-11-22,Hindi,False
U01974,Om Brahmbhatt,46,Female,Chandigarh,Punjab,P1,2023-01-13,Hindi,False
U01975,Anjali Dube,64,Other,Bengaluru,Karnataka,P3,2025-03-22,Hindi,True
U01976,Tarak Banerjee,47,Other,Kochi,Kerala,P2,2024-04-19,English,False
U01977,Riya Batta,16,Female,Lucknow,Uttar Pradesh,P2,2026-02-09,English,True
U01978,Madhavi Morar,47,Female,Nagpur,Maharashtra,P2,2025-11-19,Malayalam,True
U01979,Chanakya Purohit,47,Male,Bengaluru,Karnataka,P3,2024-04-24,Bengali,True
U01980,Kavya Khare,55,Other,Chennai,Tamil Nadu,P2,2025-08-09,Bengali,False
U01981,Oviya Bala,27,Female,Bengaluru,Karnataka,P1,2023-05-04,Marathi,True
U01982,Rehaan Bhatnagar,44,Male,Bengaluru,Karnataka,P1,2026-06-30,Hindi,True
U01983,Oliver Ganesh,47,Female,Kochi,Kerala,P2,2023-06-03,Bengali,True
U01984,Eta Naidu,27,Other,Kochi,Kerala,P1,2022-09-18,Marathi,True
U01985,Sarthak Rana,40,Other,Coimbatore,Tamil Nadu,P2,2024-10-14,Telugu,True
U01986,Vincent Kala,36,Other,Ahmedabad,Gujarat,P2,2026-04-17,Bengali,True
U01987,Oscar Aurora,53,Male,Ahmedabad,Gujarat,P2,2022-12-17,English,True
U01988,Advik Ramachandran,16,Female,Mumbai,Maharashtra,P2,2024-02-23,Marathi,False
U01989,Dominic Mallick,52,Female,Delhi,Delhi,P4,2023-05-22,Malayalam,False
U01990,Caleb Bhavsar,53,Male,Chennai,Tamil Nadu,P1,2025-02-19,Malayalam,True
U01991,Charvi Tata,40,Male,Patna,Bihar,P1,2026-01-29,Hindi,True
U01992,Onveer Krishnamurthy,60,Male,Chennai,Tamil Nadu,P2,2026-06-21,Bengali,True
U01993,Lipika Deol,64,Other,Delhi,Delhi,P2,2026-05-17,Tamil,True
U01994,Vasatika Bir,29,Male,Bhubaneswar,Odisha,P3,2023-11-13,Hindi,True
U01995,Lavanya Vaidya,48,Other,Ahmedabad,Gujarat,P1,2023-11-17,Malayalam,True
U01996,Yahvi Arya,56,Male,Kolkata,West Bengal,P2,2025-02-05,Bengali,True
U01997,Dayamai Khalsa,58,Other,Lucknow,Uttar Pradesh,P2,2023-06-20,English,True
U01998,Fariq Bhasin,63,Male,Mumbai,Maharashtra,P1,2025-06-28,Hindi,True
U01999,Chaman Jaggi,54,Other,Bhubaneswar,Odisha,P3,2023-02-01,Hindi,True
U02000,Baljiwan Khanna,25,Female,Patna,Bihar,P2,2023-02-22,Telugu,False
U02001,Falguni Desai,17,Other,Guwahati,Assam,P2,2026-03-26,Hindi,False
U02002,Oeshi Mani,20,Other,Jaipur,Rajasthan,P4,2023-08-26,English,False
U02003,Garima Oommen,23,Male,Pune,Maharashtra,P2,2025-07-16,Hindi,True
U02004,Yuvraj Kapadia,20,Male,Coimbatore,Tamil Nadu,P2,2023-07-04,Malayalam,True
U02005,Ekanta Goswami,23,Female,Kochi,Kerala,P2,2024-12-20,Malayalam,True
U02006,Dhruv Swamy,53,Male,Chandigarh,Punjab,P2,2024-04-22,English,True
U02007,Charles Dhaliwal,45,Female,Chandigarh,Punjab,P2,2022-10-26,Hindi,True
U02008,Gavin Ghose,46,Male,Coimbatore,Tamil Nadu,P1,2026-04-16,Tamil,True
U02009,Warinder Tripathi,55,Male,Lucknow,Uttar Pradesh,P1,2024-11-27,Tamil,True
U02010,Deepa Gala,64,Other,Jaipur,Rajasthan,P1,2022-11-07,Telugu,True
U02011,Panini Goda,26,Female,Nagpur,Maharashtra,P1,2025-06-04,Hindi,True
U02012,Bhavika Sen,22,Female,Chandigarh,Punjab,P3,2024-12-17,Telugu,True
U02013,Anita Srivastava,22,Male,Bhopal,Madhya Pradesh,P2,2026-05-29,Bengali,True
U02014,Mitali Purohit,64,Other,Patna,Bihar,P3,2022-11-09,Hindi,True
U02015,Pahal Tiwari,42,Female,Chennai,Tamil Nadu,P1,2023-03-18,Telugu,False
U02016,Nachiket Subramaniam,34,Male,Delhi,Delhi,P1,2024-12-22,Bengali,True
U02017,Prisha Chacko,61,Male,Bengaluru,Karnataka,P4,2022-08-13,Kannada,True
U02018,Michael Gill,21,Male,Chennai,Tamil Nadu,P3,2025-07-28,Gujarati,True
U02019,Damini Setty,25,Female,Bhubaneswar,Odisha,P2,2023-07-26,English,True
U02020,Ekbal Nath,34,Female,Lucknow,Uttar Pradesh,P2,2023-09-02,Hindi,True
U02021,Rohan Dubey,30,Other,Bhopal,Madhya Pradesh,P1,2023-01-31,Tamil,False
U02022,Agastya Tella,18,Female,Guwahati,Assam,P2,2026-03-15,Hindi,True
U02023,Vyanjana Ravel,20,Male,Lucknow,Uttar Pradesh,P2,2025-06-17,Telugu,True
U02024,Kashvi Rajagopalan,36,Male,Kolkata,West Bengal,P4,2026-03-29,Hindi,True
U02025,Nilima Barad,40,Male,Chandigarh,Punjab,P1,2024-06-30,Bengali,True
U02026,Lekha Gaba,17,Female,Nagpur,Maharashtra,P4,2026-07-05,Tamil,True
U02027,Aadhya Pall,55,Female,Hyderabad,Telangana,P4,2023-04-25,Hindi,False
U02028,Jyoti Bhardwaj,56,Other,Bhopal,Madhya Pradesh,P2,2024-07-29,Kannada,True
U02029,Yatin Kibe,28,Other,Chandigarh,Punjab,P2,2025-02-20,Marathi,True
U02030,Ayaan Divan,25,Female,Patna,Bihar,P2,2024-06-12,Kannada,False
U02031,Manan Kumar,32,Other,Delhi,Delhi,P2,2023-08-01,Hindi,True
U02032,Advik Dada,26,Male,Coimbatore,Tamil Nadu,P1,2023-07-12,English,True
U02033,Mitali Buch,37,Male,Bhopal,Madhya Pradesh,P3,2025-08-15,English,True
U02034,Pallavi Gandhi,26,Female,Bengaluru,Karnataka,P1,2024-08-11,Tamil,False
U02035,Chasmum Tella,27,Male,Surat,Gujarat,P1,2025-11-09,Bengali,False
U02036,Darika Sabharwal,39,Male,Bhopal,Madhya Pradesh,P3,2026-05-29,English,True
U02037,Ikbal Padmanabhan,59,Female,Kochi,Kerala,P4,2025-07-19,Hindi,True
U02038,Shaurya Rao,33,Male,Hyderabad,Telangana,P1,2025-10-17,Telugu,False
U02039,Om Swamy,60,Female,Chennai,Tamil Nadu,P2,2025-05-02,Telugu,False
U02040,Omisha Vohra,50,Female,Bhopal,Madhya Pradesh,P1,2022-07-18,Bengali,False
U02041,Raagini Garde,59,Male,Pune,Maharashtra,P1,2024-03-16,Marathi,True
U02042,Krish Hora,22,Male,Jaipur,Rajasthan,P1,2023-03-30,Hindi,True
U02043,Shravya Kala,43,Other,Bhopal,Madhya Pradesh,P1,2024-06-25,Telugu,True
U02044,Qadim Handa,46,Female,Pune,Maharashtra,P2,2023-04-13,Hindi,True
U02045,Ridhi Chopra,58,Female,Patna,Bihar,P1,2023-07-29,Hindi,True
U02046,Fariq Memon,32,Other,Patna,Bihar,P2,2026-01-04,Bengali,True
U02047,Aradhana Bhatt,20,Other,Patna,Bihar,P2,2022-11-18,Tamil,False
U02048,Vanya Sundaram,32,Other,Coimbatore,Tamil Nadu,P3,2023-11-27,Hindi,True
U02049,Aditya Bhat,33,Female,Guwahati,Assam,P2,2025-03-24,Bengali,False
U02050,Benjamin Chatterjee,36,Female,Kochi,Kerala,P1,2023-08-08,Marathi,True
U02051,Keya Venkatesh,51,Other,Kochi,Kerala,P1,2023-05-20,English,True
U02052,Vedika Solanki,46,Male,Mumbai,Maharashtra,P4,2026-06-26,Tamil,True
U02053,Gayathri Prabhakar,55,Male,Guwahati,Assam,P1,2025-07-25,Bengali,True
U02054,Divya Khatri,17,Other,Coimbatore,Tamil Nadu,P3,2025-04-07,English,True
U02055,Kritika Bhandari,42,Other,Pune,Maharashtra,P4,2026-04-20,Marathi,True
U02056,Harish Aggarwal,24,Female,Chandigarh,Punjab,P1,2026-06-09,Telugu,False
U02057,Liam Bal,49,Female,Nagpur,Maharashtra,P2,2024-05-13,English,True
U02058,Yuvraj Pillay,43,Female,Coimbatore,Tamil Nadu,P2,2024-12-11,Hindi,True
U02059,Yutika Sachdev,29,Other,Patna,Bihar,P2,2024-05-06,Tamil,True
U02060,Ekanta Badal,47,Other,Bhopal,Madhya Pradesh,P1,2025-03-06,Bengali,True
U02061,Eshana Sawhney,21,Male,Lucknow,Uttar Pradesh,P2,2025-01-26,Gujarati,True
U02062,Mugdha Bumb,26,Male,Hyderabad,Telangana,P1,2023-06-22,Tamil,True
U02063,Harish Rajan,63,Other,Nagpur,Maharashtra,P2,2023-12-06,Marathi,True
U02064,Luke Venkatesh,44,Male,Surat,Gujarat,P2,2023-09-18,Bengali,False
U02065,Joshua Tank,35,Female,Pune,Maharashtra,P1,2026-01-16,Telugu,True
U02066,Unni Ganguly,45,Female,Nagpur,Maharashtra,P4,2025-09-22,Punjabi,False
U02067,Vasatika Zachariah,38,Other,Patna,Bihar,P4,2026-02-14,Bengali,True
U02068,Onkar Chakraborty,34,Male,Mumbai,Maharashtra,P4,2023-07-02,Telugu,True
U02069,Naveen Narain,51,Female,Jaipur,Rajasthan,P1,2022-12-17,Bengali,True
U02070,Thomas Kurian,18,Male,Patna,Bihar,P1,2026-02-23,Hindi,True
U02071,Laban Warrior,42,Other,Indore,Madhya Pradesh,P3,2025-03-14,English,True
U02072,Gautam Natarajan,58,Male,Guwahati,Assam,P4,2025-01-26,Telugu,True
U02073,Hemal Purohit,34,Male,Bhubaneswar,Odisha,P2,2026-01-09,Bengali,True
U02074,Rajeshri Kaul,38,Female,Chennai,Tamil Nadu,P4,2026-03-06,Punjabi,True
U02075,Bina Chahal,64,Female,Kochi,Kerala,P2,2023-06-07,Hindi,True
U02076,Raghav D’Alia,63,Other,Chennai,Tamil Nadu,P2,2022-12-25,Tamil,True
U02077,Dhriti Rai,46,Male,Jaipur,Rajasthan,P3,2024-10-29,Marathi,True
U02078,Deepa Bhatia,55,Male,Bengaluru,Karnataka,P1,2024-11-04,Tamil,True
U02079,Lipika Sampath,50,Other,Mumbai,Maharashtra,P2,2024-11-24,Marathi,True
U02080,Jonathan Venkatesh,48,Other,Bhopal,Madhya Pradesh,P1,2023-10-25,Hindi,True
U02081,Hredhaan Rana,50,Other,Chandigarh,Punjab,P1,2025-03-11,Kannada,True
U02082,Diya Dhillon,16,Other,Coimbatore,Tamil Nadu,P3,2022-07-29,Bengali,True
U02083,Theodore Tata,29,Female,Jaipur,Rajasthan,P2,2025-10-20,Hindi,True
U02084,Bhanumati Dhingra,48,Other,Mumbai,Maharashtra,P2,2025-04-04,Malayalam,True
U02085,Ekaja More,50,Male,Bhubaneswar,Odisha,P1,2025-07-11,English,False
U02086,Anusha Sridhar,20,Female,Bengaluru,Karnataka,P1,2024-07-18,Kannada,True
U02087,Warda Manne,53,Male,Hyderabad,Telangana,P2,2025-01-23,English,True
U02088,Daniel Nath,56,Female,Bengaluru,Karnataka,P1,2025-05-09,English,True
U02089,Umang Ben,26,Male,Surat,Gujarat,P3,2023-02-24,English,False
U02090,Vinaya Ramanathan,17,Male,Guwahati,Assam,P2,2026-03-25,Hindi,True
U02091,Anthony Ramanathan,59,Other,Chandigarh,Punjab,P2,2023-09-25,Tamil,True
U02092,Ijaya Raman,32,Male,Indore,Madhya Pradesh,P2,2023-11-20,Hindi,True
U02093,Barkha Hayer,54,Male,Mumbai,Maharashtra,P2,2024-02-07,Hindi,True
U02094,Gunbir Deep,35,Male,Pune,Maharashtra,P1,2025-05-05,Hindi,True
U02095,Daksha Shankar,29,Female,Chennai,Tamil Nadu,P1,2023-10-31,Hindi,True
U02096,Riya Subramanian,47,Female,Coimbatore,Tamil Nadu,P2,2025-02-26,Bengali,True
U02097,Shaurya Kamdar,49,Male,Indore,Madhya Pradesh,P4,2023-09-14,English,True
U02098,Aditya Pathak,40,Male,Jaipur,Rajasthan,P4,2025-10-03,Tamil,True
U02099,Manbir Puri,22,Male,Lucknow,Uttar Pradesh,P1,2025-06-10,Marathi,True
U02100,Om Bhalla,50,Other,Surat,Gujarat,P2,2026-05-04,English,True
U02101,Praneel Ben,62,Female,Hyderabad,Telangana,P2,2022-12-03,Hindi,True
U02102,Radha Dixit,44,Male,Bengaluru,Karnataka,P2,2023-01-03,Marathi,True
U02103,Yash Bandi,37,Other,Patna,Bihar,P1,2025-01-17,Marathi,True
U02104,Vrinda Mittal,56,Male,Bhopal,Madhya Pradesh,P1,2023-01-05,Bengali,True
U02105,Keya Chakraborty,58,Male,Kolkata,West Bengal,P2,2025-04-16,Hindi,True
U02106,Anvi Saxena,28,Male,Chennai,Tamil Nadu,P3,2025-08-25,Hindi,True
U02107,Jackson Butala,28,Other,Kochi,Kerala,P1,2024-01-03,Bengali,False
U02108,Arin Srinivasan,16,Female,Coimbatore,Tamil Nadu,P1,2023-01-10,Tamil,True
U02109,Pratyush Rajagopalan,51,Other,Hyderabad,Telangana,P2,2023-08-19,Tamil,False
U02110,Chanchal Dass,19,Other,Bengaluru,Karnataka,P2,2024-06-22,English,True
U02111,Qasim Ravi,52,Male,Kochi,Kerala,P3,2022-12-08,Hindi,True
U02112,Meera Yadav,59,Female,Nagpur,Maharashtra,P1,2025-10-15,English,True
U02113,Devansh Venkataraman,55,Other,Kolkata,West Bengal,P2,2025-09-02,English,True
U02114,Sarthak Dalal,61,Other,Lucknow,Uttar Pradesh,P1,2025-11-20,Gujarati,False
U02115,Abdul Sekhon,28,Female,Lucknow,Uttar Pradesh,P1,2023-04-05,Hindi,True
U02116,Balveer Dave,53,Other,Indore,Madhya Pradesh,P1,2025-09-27,Hindi,True
U02117,Gagan Kunda,39,Female,Patna,Bihar,P2,2024-11-02,English,True
U02118,Frado Dash,34,Female,Bengaluru,Karnataka,P2,2025-12-10,Telugu,True
U02119,Onveer Sampath,16,Female,Lucknow,Uttar Pradesh,P2,2024-07-24,Telugu,True
U02120,Yuvraj Mital,53,Other,Hyderabad,Telangana,P3,2026-06-12,Hindi,True
U02121,Sai Dey,20,Female,Mumbai,Maharashtra,P1,2022-09-21,Malayalam,True
U02122,Indira Yohannan,31,Male,Ahmedabad,Gujarat,P1,2024-11-05,Bengali,True
U02123,Chaitanya Khalsa,39,Other,Coimbatore,Tamil Nadu,P4,2024-07-30,Malayalam,True
U02124,Chandani Kale,42,Female,Delhi,Delhi,P1,2022-09-07,Hindi,True
U02125,Jagrati Mall,16,Female,Bhubaneswar,Odisha,P3,2026-05-14,English,True
U02126,Falan Kumer,49,Male,Chennai,Tamil Nadu,P2,2023-01-19,Hindi,False
U02127,Mugdha Shan,51,Female,Guwahati,Assam,P3,2023-07-31,Tamil,True
U02128,Pavani Dhar,19,Other,Indore,Madhya Pradesh,P2,2022-11-14,Telugu,True
U02129,Amruta Hans,15,Other,Jaipur,Rajasthan,P1,2024-09-05,Telugu,True
U02130,Oni Dube,54,Female,Lucknow,Uttar Pradesh,P2,2025-05-24,Telugu,False
U02131,Ladli Bal,26,Male,Pune,Maharashtra,P2,2023-10-21,Punjabi,True
U02132,Faras Madan,50,Female,Mumbai,Maharashtra,P2,2026-05-24,Malayalam,True
U02133,Niharika Bhatti,59,Other,Hyderabad,Telangana,P1,2023-01-14,Bengali,True
U02134,Janani Nath,37,Female,Kochi,Kerala,P3,2023-11-09,Bengali,True
U02135,Upkaar Mahal,61,Male,Indore,Madhya Pradesh,P1,2025-08-25,Hindi,True
U02136,Tristan Radhakrishnan,45,Other,Surat,Gujarat,P3,2022-07-30,Hindi,True
U02137,Parth Vyas,25,Male,Bengaluru,Karnataka,P1,2026-05-06,Bengali,False
U02138,Vrishti Chandran,24,Male,Guwahati,Assam,P2,2025-06-14,Telugu,True
U02139,Anika Chaudhary,17,Female,Hyderabad,Telangana,P1,2024-08-26,Hindi,True
U02140,Eesha Ramachandran,28,Female,Indore,Madhya Pradesh,P2,2026-02-14,Hindi,True
U02141,Vansha Datta,30,Male,Chandigarh,Punjab,P2,2023-04-05,English,True
U02142,Jonathan Dhar,24,Female,Kochi,Kerala,P1,2023-07-29,English,True
U02143,Chatresh Prabhakar,43,Female,Bhopal,Madhya Pradesh,P2,2024-01-20,Hindi,True
U02144,Omya Shankar,24,Other,Kolkata,West Bengal,P2,2025-05-14,Tamil,True
U02145,Upadhriti Thakkar,26,Other,Hyderabad,Telangana,P2,2023-04-09,Hindi,True
U02146,Veer Mody,44,Male,Hyderabad,Telangana,P1,2023-09-08,Tamil,True
U02147,Dalaja Ray,55,Male,Coimbatore,Tamil Nadu,P1,2025-01-29,Kannada,True
U02148,Fariq Bose,15,Male,Bhopal,Madhya Pradesh,P2,2025-08-14,Hindi,False
U02149,Noah Bhandari,19,Male,Jaipur,Rajasthan,P2,2025-06-16,Bengali,True
U02150,Waida Anne,34,Female,Lucknow,Uttar Pradesh,P2,2022-11-16,Bengali,True
U02151,Yashoda Deshpande,22,Other,Indore,Madhya Pradesh,P4,2026-05-21,Telugu,True
U02152,Nidra Atwal,57,Other,Ahmedabad,Gujarat,P1,2024-06-15,Hindi,True
U02153,Pavani Warrior,26,Male,Surat,Gujarat,P1,2025-01-01,Bengali,True
U02154,Brijesh Sen,15,Female,Mumbai,Maharashtra,P1,2025-07-15,Kannada,True
U02155,Parth Borde,34,Female,Mumbai,Maharashtra,P2,2026-05-25,Tamil,True
U02156,Yoshita Pandit,42,Male,Ahmedabad,Gujarat,P2,2024-01-03,Malayalam,True
U02157,Warhi Raghavan,57,Other,Lucknow,Uttar Pradesh,P3,2026-05-07,Telugu,True
U02158,Hamsini Krish,51,Other,Hyderabad,Telangana,P1,2023-03-22,English,True
U02159,Bina Mistry,61,Female,Chandigarh,Punjab,P4,2025-11-12,Bengali,True
U02160,Tanay Agate,51,Female,Surat,Gujarat,P1,2024-06-20,English,True
U02161,Teerth Mody,26,Other,Indore,Madhya Pradesh,P3,2025-06-28,Telugu,True
U02162,Ubika Sura,51,Male,Indore,Madhya Pradesh,P2,2026-04-03,Hindi,True
U02163,Triveni Narasimhan,63,Male,Ahmedabad,Gujarat,P2,2022-10-08,English,True
U02164,Abdul Palla,63,Female,Guwahati,Assam,P2,2023-09-24,English,True
U02165,Neelima Pant,58,Female,Pune,Maharashtra,P4,2026-02-05,Tamil,False
U02166,Vyanjana Hora,42,Female,Coimbatore,Tamil Nadu,P3,2022-07-28,Gujarati,False
U02167,Nirja Dasgupta,61,Other,Kolkata,West Bengal,P1,2022-11-16,English,True
U02168,Nachiket Krishna,29,Female,Guwahati,Assam,P2,2026-03-11,English,True
U02169,Kavya Mistry,20,Other,Indore,Madhya Pradesh,P2,2023-06-11,Hindi,True
U02170,Amruta Chopra,58,Female,Guwahati,Assam,P4,2023-12-30,English,False
U02171,Neel Dey,34,Male,Nagpur,Maharashtra,P4,2026-06-30,Telugu,True
U02172,Abdul Parmer,64,Other,Lucknow,Uttar Pradesh,P2,2023-12-14,Hindi,True
U02173,Indrajit Gupta,28,Male,Bengaluru,Karnataka,P3,2026-01-26,Telugu,True
U02174,Megha Sama,16,Female,Guwahati,Assam,P1,2023-09-05,English,True
U02175,Naveen Issac,23,Male,Mumbai,Maharashtra,P1,2025-07-06,English,True
U02176,Jagat Sama,51,Other,Indore,Madhya Pradesh,P2,2026-05-01,Hindi,True
U02177,Joshua Nair,34,Other,Jaipur,Rajasthan,P1,2024-06-29,Hindi,True
U02178,Yachana Ramachandran,40,Male,Bengaluru,Karnataka,P1,2025-07-17,Telugu,True
U02179,Ansh Date,43,Male,Bhopal,Madhya Pradesh,P2,2023-01-24,Kannada,False
U02180,Warjas Ben,15,Other,Bhubaneswar,Odisha,P1,2023-02-28,English,False
U02181,Pushti Anand,49,Male,Guwahati,Assam,P1,2025-04-02,English,True
U02182,Baghyawati Sunder,20,Male,Pune,Maharashtra,P1,2024-04-10,English,False
U02183,Yug Dua,51,Female,Surat,Gujarat,P2,2022-11-13,Bengali,False
U02184,Zaid Mand,19,Female,Hyderabad,Telangana,P1,2025-06-15,Bengali,True
U02185,Yug Sanghvi,47,Female,Chandigarh,Punjab,P2,2025-08-09,Telugu,False
U02186,Yadavi Golla,63,Other,Surat,Gujarat,P1,2023-05-01,Hindi,True
U02187,Veer Dara,28,Other,Bengaluru,Karnataka,P3,2023-04-17,Kannada,True
U02188,Anusha Handa,26,Male,Guwahati,Assam,P2,2023-01-25,Tamil,False
U02189,Andrew Iyengar,56,Female,Lucknow,Uttar Pradesh,P1,2026-04-03,Hindi,True
U02190,Lajita Reddy,34,Other,Surat,Gujarat,P3,2022-11-25,Telugu,True
U02191,Tristan Nayar,64,Other,Delhi,Delhi,P1,2024-08-20,Hindi,True
U02192,Yashvi Sane,38,Other,Lucknow,Uttar Pradesh,P2,2024-03-29,English,True
U02193,Imaran Luthra,57,Other,Guwahati,Assam,P2,2025-02-10,Bengali,True
U02194,Omya Koshy,48,Other,Indore,Madhya Pradesh,P1,2023-12-29,Punjabi,True
U02195,Qabil Baria,39,Female,Chennai,Tamil Nadu,P1,2023-10-26,Bengali,False
U02196,Simon Mangal,64,Male,Nagpur,Maharashtra,P2,2022-07-16,Hindi,True
U02197,Raagini Goyal,43,Other,Bhubaneswar,Odisha,P3,2024-06-04,Hindi,True
U02198,Januja Natt,53,Other,Nagpur,Maharashtra,P1,2023-07-19,English,True
U02199,Agastya De,45,Female,Hyderabad,Telangana,P1,2023-10-03,Gujarati,False
U02200,Kamya Khanna,61,Other,Coimbatore,Tamil Nadu,P1,2023-11-11,Bengali,False
U02201,Leena Chahal,57,Male,Bhubaneswar,Odisha,P1,2025-02-20,Tamil,True
U02202,Jai Barman,64,Other,Ahmedabad,Gujarat,P1,2026-02-01,Bengali,True
U02203,Reyansh Sehgal,37,Other,Nagpur,Maharashtra,P1,2024-11-18,Hindi,True
U02204,Hemal Mitra,58,Female,Chandigarh,Punjab,P2,2026-03-29,English,True
U02205,Mitesh Bassi,52,Female,Surat,Gujarat,P2,2025-06-09,Hindi,True
U02206,Zayyan Palan,34,Male,Hyderabad,Telangana,P2,2023-01-18,Tamil,True
U02207,Jacob Sarin,37,Female,Bhubaneswar,Odisha,P2,2026-02-12,Punjabi,True
U02208,Yahvi Bains,59,Male,Surat,Gujarat,P1,2022-10-22,English,False
U02209,Kai Mann,30,Other,Indore,Madhya Pradesh,P1,2023-03-16,Telugu,True
U02210,Ranveer Rao,64,Female,Kolkata,West Bengal,P2,2022-09-20,Tamil,True
U02211,Noah Sarma,56,Male,Surat,Gujarat,P2,2024-07-08,English,True
U02212,Madhavi Rattan,22,Male,Lucknow,Uttar Pradesh,P4,2025-07-16,Kannada,True
U02213,Qarin Aggarwal,64,Other,Bhopal,Madhya Pradesh,P4,2024-12-19,Tamil,True
U02214,Aditya Varghese,35,Other,Indore,Madhya Pradesh,P3,2023-03-06,English,True
U02215,Chavvi Kannan,15,Female,Guwahati,Assam,P4,2024-05-11,Tamil,False
U02216,Jagat Garg,22,Other,Bengaluru,Karnataka,P1,2023-09-21,Hindi,True
U02217,Bishakha Baral,43,Other,Hyderabad,Telangana,P2,2023-06-08,Telugu,True
U02218,Kiaan Madan,46,Male,Ahmedabad,Gujarat,P1,2025-02-04,Bengali,True
U02219,Yuvraj Kade,52,Male,Patna,Bihar,P4,2026-01-12,Tamil,True
U02220,Idika Pillay,19,Female,Bengaluru,Karnataka,P2,2024-09-04,Tamil,False
U02221,Kiaan Rege,61,Other,Kolkata,West Bengal,P1,2023-11-02,English,True
U02222,Ekta Bhandari,36,Male,Guwahati,Assam,P2,2026-02-17,English,True
U02223,Ishani Kanda,61,Other,Lucknow,Uttar Pradesh,P1,2025-01-15,Hindi,True
U02224,Patrick Kunda,48,Male,Pune,Maharashtra,P1,2025-06-17,Tamil,True
U02225,Lavanya Kurian,15,Male,Pune,Maharashtra,P1,2026-06-04,Kannada,True
U02226,Riya Kannan,40,Male,Patna,Bihar,P2,2026-01-07,English,True
U02227,Megha Dugal,57,Male,Indore,Madhya Pradesh,P2,2023-11-01,Tamil,True
U02228,Jyoti Divan,24,Other,Chandigarh,Punjab,P2,2024-04-27,Malayalam,True
U02229,Warhi Golla,44,Female,Surat,Gujarat,P2,2026-02-23,Kannada,True
U02230,Ranbir Swaminathan,64,Female,Chennai,Tamil Nadu,P3,2024-05-17,Hindi,True
U02231,Baghyawati Bail,32,Female,Delhi,Delhi,P2,2026-04-24,Hindi,False
U02232,Meera Guha,31,Female,Lucknow,Uttar Pradesh,P4,2023-10-12,English,True
U02233,Pooja Korpal,40,Male,Kolkata,West Bengal,P4,2022-10-25,Telugu,True
U02234,Harish Vyas,22,Other,Indore,Madhya Pradesh,P4,2024-05-10,English,True
U02235,Harish Purohit,61,Male,Coimbatore,Tamil Nadu,P2,2023-02-01,Tamil,False
U02236,Agastya Bassi,54,Male,Jaipur,Rajasthan,P2,2024-01-28,English,True
U02237,Amrita Dhar,63,Male,Kochi,Kerala,P3,2023-01-25,Hindi,True
U02238,Aditya Cherian,26,Other,Kochi,Kerala,P4,2026-04-17,Kannada,True
U02239,Frederick Jain,41,Other,Nagpur,Maharashtra,P1,2024-09-15,Kannada,True
U02240,Nihal Mohanty,22,Male,Delhi,Delhi,P1,2023-02-04,Marathi,True
U02241,Yagnesh Bhalla,39,Other,Bhubaneswar,Odisha,P4,2023-11-12,Telugu,True
U02242,Jatin Bail,60,Female,Delhi,Delhi,P1,2024-09-17,Telugu,True
U02243,Chaman Chauhan,18,Male,Patna,Bihar,P2,2025-11-02,Hindi,True
U02244,Lucky Agarwal,47,Female,Pune,Maharashtra,P2,2024-08-01,Bengali,True
U02245,Utkarsh Sane,15,Female,Coimbatore,Tamil Nadu,P2,2026-03-09,Bengali,True
U02246,Bhavini Kara,33,Other,Patna,Bihar,P2,2024-01-30,Hindi,True
U02247,Isaiah Swamy,45,Female,Bhubaneswar,Odisha,P4,2026-03-23,English,True
U02248,Udarsh Chaudry,30,Male,Delhi,Delhi,P1,2023-03-20,Tamil,True
U02249,Ishanvi Bose,28,Male,Coimbatore,Tamil Nadu,P2,2026-05-13,Kannada,True
U02250,Jalsa Chad,62,Male,Delhi,Delhi,P1,2024-12-31,English,True
U02251,Pranav Sangha,19,Other,Kochi,Kerala,P1,2026-02-13,Kannada,False
U02252,Pavani Doctor,55,Female,Chennai,Tamil Nadu,P2,2024-08-29,Tamil,True
U02253,Bhavini Pall,40,Other,Bengaluru,Karnataka,P1,2026-02-09,Hindi,True
U02254,Xalak Pillay,42,Male,Chandigarh,Punjab,P3,2026-01-14,English,True
U02255,Aarnav Dixit,16,Female,Chandigarh,Punjab,P3,2026-04-08,Malayalam,True
U02256,Ekaja Divan,64,Other,Jaipur,Rajasthan,P1,2025-08-25,Telugu,True
U02257,Ekalinga Chowdhury,20,Other,Patna,Bihar,P2,2024-02-06,Telugu,True
U02258,Maanav Chana,23,Other,Chennai,Tamil Nadu,P3,2024-11-06,Hindi,True
U02259,Qabil Rajan,47,Other,Pune,Maharashtra,P1,2023-10-30,Malayalam,True
U02260,Panini Srivastava,55,Other,Ahmedabad,Gujarat,P2,2023-12-13,Bengali,False
U02261,Gauri Devi,39,Male,Mumbai,Maharashtra,P2,2025-04-24,English,True
U02262,Leela Sahota,62,Male,Lucknow,Uttar Pradesh,P3,2025-09-29,Hindi,False
U02263,Victor Rajagopalan,27,Female,Bhopal,Madhya Pradesh,P2,2024-09-25,English,True
U02264,Theodore Chahal,23,Other,Pune,Maharashtra,P2,2022-11-15,English,True
U02265,Samar Badal,27,Female,Lucknow,Uttar Pradesh,P1,2023-06-24,Marathi,False
U02266,Kiaan Choudhary,45,Female,Kochi,Kerala,P4,2023-12-27,Malayalam,True
U02267,Jalsa Dewan,55,Other,Mumbai,Maharashtra,P1,2022-10-11,English,True
U02268,Oviya Kibe,25,Other,Delhi,Delhi,P3,2023-09-19,English,True
U02269,Daksh Devi,18,Other,Lucknow,Uttar Pradesh,P3,2023-05-19,Telugu,True
U02270,Krishna Bal,48,Female,Guwahati,Assam,P3,2023-01-03,Hindi,True
U02271,Kamya Bhagat,52,Male,Ahmedabad,Gujarat,P1,2025-04-28,English,True
U02272,Vansha Dugar,60,Male,Jaipur,Rajasthan,P1,2025-05-05,Bengali,True
U02273,Lohit Brar,18,Other,Guwahati,Assam,P2,2022-08-29,English,True
U02274,Omaja Doctor,52,Other,Jaipur,Rajasthan,P3,2023-07-09,Hindi,True
U02275,Logan Wable,33,Male,Kochi,Kerala,P3,2025-08-07,English,True
U02276,Upma Sabharwal,20,Female,Mumbai,Maharashtra,P2,2025-05-01,Telugu,False
U02277,Agastya Mangat,48,Other,Pune,Maharashtra,P2,2025-06-05,Marathi,True
U02278,Azad Ghose,32,Male,Bhubaneswar,Odisha,P2,2022-12-25,English,True
U02279,Meghana Sampath,27,Female,Jaipur,Rajasthan,P1,2024-07-20,Hindi,True
U02280,Aarna Thaker,55,Other,Chennai,Tamil Nadu,P3,2025-04-04,Hindi,True
U02281,Pallavi Dugar,37,Other,Delhi,Delhi,P1,2023-10-06,Malayalam,True
U02282,Krishna Dass,33,Male,Delhi,Delhi,P2,2023-08-17,Hindi,True
U02283,Daksh Kanda,59,Male,Jaipur,Rajasthan,P4,2025-07-05,Bengali,False
U02284,Upadhriti Sood,25,Male,Chandigarh,Punjab,P2,2024-02-09,Tamil,True
U02285,Lajita Gala,15,Male,Bengaluru,Karnataka,P2,2023-10-16,Telugu,True
U02286,Panini Hayer,38,Other,Kochi,Kerala,P2,2022-10-03,English,True
U02287,Faras Patil,21,Female,Lucknow,Uttar Pradesh,P1,2023-08-14,Tamil,True
U02288,Ayaan Khatri,39,Female,Patna,Bihar,P3,2024-12-13,Telugu,False
U02289,Dhruv Kakar,35,Female,Bhubaneswar,Odisha,P1,2023-09-01,Hindi,False
U02290,Raghav Jaggi,29,Other,Guwahati,Assam,P1,2024-12-04,Hindi,True
U02291,Wridesh Luthra,15,Other,Indore,Madhya Pradesh,P3,2025-02-02,English,True
U02292,Veda Bath,26,Other,Guwahati,Assam,P1,2022-11-17,Hindi,True
U02293,Dayamai Anand,21,Male,Bengaluru,Karnataka,P4,2022-09-24,Telugu,False
U02294,Mitali Tella,29,Other,Coimbatore,Tamil Nadu,P2,2026-06-17,Bengali,False
U02295,Ishani Dayal,35,Other,Indore,Madhya Pradesh,P3,2023-04-26,Telugu,True
U02296,Garima Reddy,33,Male,Surat,Gujarat,P1,2025-05-07,Malayalam,True
U02297,Yadavi Doctor,43,Female,Ahmedabad,Gujarat,P1,2026-02-14,Hindi,True
U02298,Vansha Barad,39,Female,Hyderabad,Telangana,P2,2022-08-19,Bengali,False
U02299,Ubika Brar,47,Other,Chandigarh,Punjab,P1,2023-09-12,Telugu,False
U02300,Vincent Kale,63,Female,Nagpur,Maharashtra,P2,2026-01-29,Bengali,True
U02301,Naveen Thaker,46,Male,Chennai,Tamil Nadu,P4,2025-10-07,Bengali,True
U02302,Sara Deep,63,Other,Guwahati,Assam,P2,2024-08-08,English,True
U02303,Raagini Baral,49,Female,Kochi,Kerala,P1,2023-11-23,English,False
U02304,William Joshi,58,Male,Guwahati,Assam,P2,2026-02-06,Kannada,False
U02305,Michael Tank,52,Female,Mumbai,Maharashtra,P1,2026-07-11,English,True
U02306,Luke More,40,Male,Nagpur,Maharashtra,P2,2022-12-05,Malayalam,False
U02307,Wishi Chandra,25,Male,Mumbai,Maharashtra,P2,2024-09-22,Hindi,False
U02308,Chakrika Edwin,49,Female,Bhopal,Madhya Pradesh,P4,2024-05-10,Hindi,True
U02309,Ira Chakraborty,22,Male,Ahmedabad,Gujarat,P2,2022-10-23,English,False
U02310,Aarna Solanki,60,Other,Kochi,Kerala,P2,2022-10-27,Hindi,True
U02311,Logan Dasgupta,28,Female,Bengaluru,Karnataka,P2,2026-06-14,Marathi,False
U02312,Balveer Patla,24,Female,Surat,Gujarat,P2,2026-06-04,English,True
U02313,Nilima Dayal,16,Other,Chennai,Tamil Nadu,P2,2025-12-22,Bengali,False
U02314,Kashvi Chacko,60,Male,Indore,Madhya Pradesh,P1,2024-04-20,Tamil,True
U02315,Adya Basak,23,Female,Surat,Gujarat,P2,2025-04-07,Hindi,True
U02316,Yash Anand,17,Male,Jaipur,Rajasthan,P4,2025-01-07,Hindi,True
U02317,Bina Prashad,35,Other,Delhi,Delhi,P2,2023-02-26,Tamil,False
U02318,Elijah Kapoor,40,Female,Patna,Bihar,P1,2023-03-04,English,True
U02319,Girik Palla,22,Other,Chennai,Tamil Nadu,P1,2024-02-03,Kannada,True
U02320,Ikbal Chada,62,Other,Patna,Bihar,P2,2024-05-26,Kannada,True
U02321,Mekhala Sant,16,Male,Chandigarh,Punjab,P1,2023-04-05,English,True
U02322,Dhruv Nadig,20,Female,Ahmedabad,Gujarat,P3,2023-05-03,Marathi,True
U02323,Simon Soni,42,Male,Bhubaneswar,Odisha,P3,2023-11-28,Bengali,True
U02324,Balvan Dugal,43,Other,Pune,Maharashtra,P2,2022-12-30,Bengali,True
U02325,Tanay Nagarajan,40,Other,Delhi,Delhi,P4,2026-05-01,Telugu,True
U02326,David Pathak,39,Male,Nagpur,Maharashtra,P3,2024-10-23,English,True
U02327,Tanay Bhagat,26,Female,Guwahati,Assam,P2,2025-09-11,Telugu,False
U02328,Pallavi Madan,19,Other,Lucknow,Uttar Pradesh,P4,2023-05-20,Bengali,False
U02329,Fiyaz Dhar,48,Female,Surat,Gujarat,P3,2023-07-19,English,False
U02330,Finn Misra,62,Male,Jaipur,Rajasthan,P2,2022-10-25,Punjabi,True
U02331,Oni Vohra,51,Female,Ahmedabad,Gujarat,P2,2026-01-12,Hindi,True
U02332,Qarin Bhagat,29,Other,Surat,Gujarat,P2,2023-05-24,Bengali,True
U02333,Hema Mishra,58,Male,Kochi,Kerala,P3,2022-11-28,English,False
U02334,Oni Subramaniam,50,Other,Indore,Madhya Pradesh,P1,2023-03-13,Bengali,False
U02335,Rajeshri Pant,29,Other,Delhi,Delhi,P4,2024-06-09,Hindi,True
U02336,Advaith Issac,57,Male,Bhopal,Madhya Pradesh,P3,2026-03-10,Bengali,True
U02337,Ekiya Nadig,62,Male,Chennai,Tamil Nadu,P2,2022-11-06,Bengali,True
U02338,Manbir Tata,37,Male,Pune,Maharashtra,P2,2022-08-05,Marathi,False
U02339,Niharika Lall,20,Male,Pune,Maharashtra,P1,2025-12-29,Telugu,True
U02340,Shravya Dass,60,Other,Kolkata,West Bengal,P1,2024-08-14,English,True
U02341,Balhaar Kamdar,64,Female,Guwahati,Assam,P1,2025-01-27,Telugu,True
U02342,Osha Ganesan,58,Male,Kolkata,West Bengal,P3,2025-07-09,Kannada,True
U02343,Ijaya Kadakia,57,Female,Nagpur,Maharashtra,P3,2024-12-09,Tamil,True
U02344,Kamala Patla,59,Male,Lucknow,Uttar Pradesh,P1,2026-05-07,Punjabi,False
U02345,Yadavi Dash,35,Female,Lucknow,Uttar Pradesh,P2,2022-08-08,English,True
U02346,Odika Roy,37,Female,Hyderabad,Telangana,P1,2025-05-02,Bengali,True
U02347,Gautami Comar,57,Female,Bhopal,Madhya Pradesh,P2,2023-12-11,Malayalam,False
U02348,Priya Prakash,30,Male,Bhubaneswar,Odisha,P2,2026-03-30,Hindi,True
U02349,Rajata Raj,61,Female,Pune,Maharashtra,P3,2023-03-31,Hindi,True
U02350,Bhanumati Chaudhary,29,Female,Jaipur,Rajasthan,P2,2023-09-05,English,True
U02351,Gaurav Babu,39,Male,Bhopal,Madhya Pradesh,P1,2026-07-09,English,True
U02352,Hemang Taneja,50,Male,Kochi,Kerala,P2,2025-01-01,English,True
U02353,Sachi Thakur,25,Other,Guwahati,Assam,P3,2025-07-15,Hindi,True
U02354,Bimala Salvi,29,Male,Bhubaneswar,Odisha,P2,2024-11-11,Tamil,True
U02355,Lakshmi Contractor,18,Male,Mumbai,Maharashtra,P3,2023-05-21,Bengali,True
U02356,Jeet Panchal,35,Other,Chandigarh,Punjab,P3,2023-04-27,Hindi,True
U02357,Nitara Randhawa,27,Male,Pune,Maharashtra,P2,2026-05-29,Gujarati,False
U02358,Udarsh Tripathi,36,Male,Bhopal,Madhya Pradesh,P3,2022-07-27,English,True
U02359,Damyanti Sachdeva,33,Male,Chandigarh,Punjab,P1,2023-09-03,Telugu,True
U02360,Oeshi Bali,48,Male,Mumbai,Maharashtra,P1,2025-03-25,Bengali,True
U02361,Kavya Venkataraman,28,Female,Indore,Madhya Pradesh,P2,2022-08-07,Hindi,True
U02362,Gautami Garde,18,Other,Mumbai,Maharashtra,P1,2025-10-26,Hindi,True
U02363,Wyatt Raman,62,Female,Hyderabad,Telangana,P3,2026-05-17,Tamil,True
U02364,Charan Sanghvi,60,Male,Jaipur,Rajasthan,P3,2023-04-23,Hindi,True
U02365,Oscar Rau,41,Other,Patna,Bihar,P1,2023-01-20,Malayalam,True
U02366,Rajeshri Kashyap,43,Other,Chennai,Tamil Nadu,P1,2026-02-25,Bengali,True
U02367,Yamini Dani,61,Female,Bhubaneswar,Odisha,P3,2022-12-08,English,True
U02368,Abha Dutt,42,Male,Lucknow,Uttar Pradesh,P1,2025-01-23,Hindi,False
U02369,Girik Chander,49,Female,Guwahati,Assam,P2,2026-05-02,English,True
U02370,Michael Bala,22,Female,Patna,Bihar,P2,2022-08-22,English,True
U02371,Lavanya Bakshi,30,Male,Indore,Madhya Pradesh,P1,2025-01-04,Gujarati,True
U02372,Sudiksha Parmar,56,Other,Chandigarh,Punjab,P3,2025-07-04,Hindi,True
U02373,Chameli Hari,50,Male,Mumbai,Maharashtra,P2,2023-04-14,English,True
U02374,Kritika Lad,44,Female,Hyderabad,Telangana,P2,2024-09-05,Hindi,True
U02375,Fitan Dhawan,32,Male,Bengaluru,Karnataka,P1,2025-03-05,Hindi,False
U02376,Indrajit Sharaf,16,Male,Guwahati,Assam,P1,2025-01-17,English,False
U02377,Hredhaan Dhar,63,Other,Indore,Madhya Pradesh,P2,2026-03-31,Bengali,True
U02378,Girik Brahmbhatt,27,Female,Nagpur,Maharashtra,P1,2023-09-01,Bengali,False
U02379,Sarthak Raman,18,Other,Delhi,Delhi,P1,2024-07-07,Tamil,False
U02380,Odika Borah,40,Other,Jaipur,Rajasthan,P2,2022-12-10,Bengali,True
U02381,Shivansh Saini,39,Male,Kochi,Kerala,P4,2024-06-25,English,True
U02382,Shravya Dyal,44,Other,Indore,Madhya Pradesh,P2,2024-01-15,Gujarati,True
U02383,Pranav Balay,25,Male,Hyderabad,Telangana,P2,2023-04-04,English,True
U02384,Idika Sule,21,Male,Kolkata,West Bengal,P2,2023-01-03,Hindi,True
U02385,Nathan Vig,45,Female,Hyderabad,Telangana,P1,2026-07-08,Telugu,True
U02386,Reyansh Balan,58,Other,Indore,Madhya Pradesh,P2,2025-07-03,Kannada,True
U02387,Tarak Patla,24,Female,Mumbai,Maharashtra,P1,2024-09-06,Gujarati,True
U02388,Ayushman Narang,53,Other,Jaipur,Rajasthan,P2,2022-12-30,Kannada,True
U02389,Jonathan Loyal,27,Other,Kolkata,West Bengal,P1,2023-02-03,Bengali,True
U02390,George Pall,45,Female,Chandigarh,Punjab,P2,2023-08-19,Telugu,True
U02391,Unni Tandon,21,Other,Kochi,Kerala,P4,2025-05-15,Gujarati,False
U02392,Reyansh Krishna,63,Female,Kolkata,West Bengal,P2,2024-04-13,Hindi,True
U02393,Maya Chauhan,56,Male,Chennai,Tamil Nadu,P2,2023-03-25,English,True
U02394,Noah Jha,56,Female,Hyderabad,Telangana,P2,2024-11-14,Hindi,True
U02395,Rachita Sehgal,50,Female,Bhubaneswar,Odisha,P1,2026-05-09,Tamil,False
U02396,Eiravati Chokshi,34,Male,Chandigarh,Punjab,P2,2024-03-26,English,False
U02397,Ryan Pandit,18,Female,Patna,Bihar,P2,2024-12-19,English,True
U02398,Shivani Ganesh,21,Other,Jaipur,Rajasthan,P2,2024-01-13,Tamil,True
U02399,Nimrat Memon,15,Male,Chennai,Tamil Nadu,P1,2026-02-04,English,True
U02400,Mitali Balan,58,Other,Hyderabad,Telangana,P1,2024-12-14,Tamil,True
U02401,Pushti Grewal,59,Other,Kochi,Kerala,P2,2022-12-30,Tamil,False
U02402,Tanveer Prabhu,56,Female,Bhubaneswar,Odisha,P2,2023-12-20,Hindi,True
U02403,Jason Andra,61,Male,Ahmedabad,Gujarat,P4,2024-01-10,Marathi,True
U02404,Falguni Kala,27,Male,Chennai,Tamil Nadu,P1,2023-10-24,English,False
U02405,Viraj Bhatti,36,Female,Delhi,Delhi,P1,2024-05-25,English,True
U02406,Teerth Chauhan,35,Male,Lucknow,Uttar Pradesh,P2,2024-01-30,Hindi,True
U02407,Oviya Saran,36,Female,Bhopal,Madhya Pradesh,P2,2024-10-12,English,True
U02408,Rudra Hegde,42,Other,Indore,Madhya Pradesh,P1,2023-10-23,Malayalam,False
U02409,Wishi Batra,23,Female,Jaipur,Rajasthan,P2,2022-09-26,Telugu,True
U02410,Jagdish Dash,40,Other,Jaipur,Rajasthan,P2,2026-07-01,Kannada,True
U02411,Leela Khalsa,23,Female,Kolkata,West Bengal,P1,2024-05-07,Malayalam,True
U02412,Andrew Agrawal,29,Male,Chandigarh,Punjab,P2,2024-11-04,Tamil,False
U02413,Karan Rau,24,Male,Pune,Maharashtra,P2,2026-03-08,Marathi,False
U02414,Geetika Babu,38,Other,Pune,Maharashtra,P2,2022-09-08,Hindi,True
U02415,Ojasvi Mitra,56,Female,Kochi,Kerala,P1,2022-10-25,Kannada,True
U02416,Mugdha Buch,22,Male,Mumbai,Maharashtra,P2,2023-08-21,Tamil,True
U02417,Wakeeta Batta,38,Other,Bhopal,Madhya Pradesh,P1,2024-10-05,Bengali,True
U02418,Wakeeta Dara,30,Male,Delhi,Delhi,P4,2024-02-10,Malayalam,False
U02419,Ayush Kapur,63,Female,Bhubaneswar,Odisha,P2,2025-11-28,Hindi,True
U02420,Liam Cheema,40,Male,Coimbatore,Tamil Nadu,P3,2022-09-23,English,True
U02421,Upkaar Garde,41,Male,Chennai,Tamil Nadu,P2,2026-07-06,Kannada,True
U02422,Abdul Ben,51,Male,Patna,Bihar,P3,2022-11-21,Hindi,True
U02423,Indrajit Bava,18,Other,Delhi,Delhi,P1,2023-07-30,English,False
U02424,Aishani Narayan,64,Female,Bhubaneswar,Odisha,P2,2026-04-29,Malayalam,False
U02425,Anamika Garde,38,Male,Kochi,Kerala,P3,2025-04-16,Kannada,True
U02426,Jagdish Date,33,Other,Chandigarh,Punjab,P2,2026-03-28,English,False
U02427,Odika Sekhon,50,Other,Delhi,Delhi,P1,2023-10-25,Hindi,True
U02428,Vanya Suri,53,Female,Kolkata,West Bengal,P2,2025-03-18,Tamil,True
U02429,Vasudha Kara,24,Other,Patna,Bihar,P1,2026-06-11,Malayalam,False
U02430,Fitan Pandit,39,Female,Lucknow,Uttar Pradesh,P1,2022-11-27,Hindi,True
U02431,Samesh Brahmbhatt,32,Female,Bengaluru,Karnataka,P2,2024-10-08,Hindi,False
U02432,Darpan Kala,33,Male,Kolkata,West Bengal,P2,2022-11-02,English,True
U02433,Upadhriti Rajan,50,Male,Mumbai,Maharashtra,P3,2022-08-04,Hindi,True
U02434,Harini Joshi,24,Male,Bengaluru,Karnataka,P3,2023-04-16,English,True
U02435,Devika Setty,47,Other,Pune,Maharashtra,P2,2025-10-17,Hindi,True
U02436,Kalpit Kanda,64,Male,Lucknow,Uttar Pradesh,P1,2025-02-27,Telugu,True
U02437,Sneha Varghese,19,Male,Pune,Maharashtra,P1,2026-03-16,Hindi,True
U02438,Raghav Biswas,61,Female,Surat,Gujarat,P1,2023-05-08,English,True
U02439,Damyanti Chaudry,63,Other,Indore,Madhya Pradesh,P2,2023-08-25,Bengali,True
U02440,Imaran Khosla,49,Other,Guwahati,Assam,P2,2023-02-16,Telugu,False
U02441,Rachit Loke,58,Other,Patna,Bihar,P1,2022-08-09,Bengali,True
U02442,Indira Lanka,48,Other,Indore,Madhya Pradesh,P2,2022-08-26,Bengali,True
U02443,Irya Sankar,47,Female,Pune,Maharashtra,P1,2023-01-04,English,False
U02444,Yadavi Sankar,35,Male,Indore,Madhya Pradesh,P2,2023-05-21,Telugu,True
U02445,Ridhi Mahajan,31,Female,Kochi,Kerala,P2,2024-07-27,Tamil,False
U02446,Lavanya Sami,36,Other,Kochi,Kerala,P2,2024-01-07,English,False
U02447,Neha Goda,62,Female,Kolkata,West Bengal,P2,2023-04-25,English,False
U02448,Zilmil Sant,51,Female,Kolkata,West Bengal,P4,2024-11-29,Hindi,True
U02449,Yuvraj Choudhry,29,Other,Mumbai,Maharashtra,P2,2022-12-22,Telugu,True
U02450,Balendra Lata,49,Female,Patna,Bihar,P2,2023-06-01,Malayalam,True
U02451,Anya Kara,42,Female,Chandigarh,Punjab,P2,2023-06-29,Bengali,True
U02452,Manya Ramaswamy,21,Other,Ahmedabad,Gujarat,P3,2026-01-25,Hindi,True
U02453,Warhi Jha,46,Female,Jaipur,Rajasthan,P4,2022-12-11,Tamil,True
U02454,Idika Mani,25,Other,Kolkata,West Bengal,P4,2023-03-22,Punjabi,False
U02455,Aarush Chandra,24,Other,Pune,Maharashtra,P4,2025-05-12,Bengali,True
U02456,Dalaja Khare,23,Male,Kochi,Kerala,P3,2023-04-12,Punjabi,True
U02457,Ojas Grover,28,Female,Chennai,Tamil Nadu,P3,2023-03-21,English,True
U02458,Lucky Arya,27,Male,Chennai,Tamil Nadu,P1,2023-11-13,English,True
U02459,Gaurika Bail,39,Female,Ahmedabad,Gujarat,P3,2025-03-15,Hindi,True
U02460,Faraj Garde,16,Female,Coimbatore,Tamil Nadu,P3,2023-04-01,Hindi,True
U02461,Indira Som,49,Other,Hyderabad,Telangana,P2,2025-04-03,English,True
U02462,Yug Sodhi,21,Female,Nagpur,Maharashtra,P2,2024-11-13,Bengali,True
U02463,Bina Kari,35,Female,Hyderabad,Telangana,P2,2022-12-22,Bengali,True
U02464,Manan Chandra,32,Other,Kochi,Kerala,P3,2024-08-21,Bengali,True
U02465,Sneha Swaminathan,17,Female,Bhopal,Madhya Pradesh,P2,2022-12-09,Telugu,True
U02466,Vidhi Kulkarni,56,Other,Guwahati,Assam,P1,2025-06-23,Hindi,True
U02467,Ira Mitra,53,Male,Chandigarh,Punjab,P1,2023-12-30,Tamil,True
U02468,Isaiah Madan,55,Male,Bengaluru,Karnataka,P2,2025-05-18,Telugu,True
U02469,Manbir Roy,63,Female,Lucknow,Uttar Pradesh,P2,2025-04-12,English,True
U02470,Ishanvi Tank,25,Female,Chennai,Tamil Nadu,P1,2025-12-18,Bengali,True
U02471,Jagvi Jhaveri,53,Female,Jaipur,Rajasthan,P4,2022-08-30,Hindi,True
U02472,Krishna Chokshi,38,Female,Indore,Madhya Pradesh,P3,2025-07-07,Bengali,True
U02473,Parth Lanka,60,Female,Hyderabad,Telangana,P2,2026-05-26,Bengali,True
U02474,Garima Raman,33,Other,Kochi,Kerala,P1,2026-03-06,English,True
U02475,Dayamai Halder,18,Other,Nagpur,Maharashtra,P2,2024-11-22,English,True
U02476,Jason Sant,40,Other,Lucknow,Uttar Pradesh,P2,2022-09-14,Tamil,True
U02477,Bhavya Choudhary,52,Female,Surat,Gujarat,P2,2025-09-19,Bengali,False
U02478,Manan Shukla,56,Male,Chandigarh,Punjab,P1,2026-06-01,Gujarati,True
U02479,Nicholas Mitter,46,Male,Bhopal,Madhya Pradesh,P3,2025-04-05,Hindi,True
U02480,Chaitaly Aurora,53,Other,Guwahati,Assam,P1,2024-06-26,Malayalam,True
U02481,Barkha Dasgupta,59,Female,Surat,Gujarat,P2,2024-05-09,English,True
U02482,Abdul Sani,60,Male,Nagpur,Maharashtra,P2,2022-10-01,Kannada,True
U02483,Chandresh Krishnamurthy,50,Other,Jaipur,Rajasthan,P2,2023-12-12,English,True
U02484,Yadavi Dubey,54,Female,Coimbatore,Tamil Nadu,P1,2023-02-02,English,True
U02485,Luke Hegde,51,Male,Kochi,Kerala,P1,2026-05-09,Tamil,True
U02486,Bina Kanda,47,Female,Delhi,Delhi,P2,2024-04-07,Hindi,True
U02487,Yuvraj Raju,50,Male,Hyderabad,Telangana,P1,2022-08-31,Tamil,True
U02488,Advika Mittal,17,Female,Jaipur,Rajasthan,P1,2024-03-24,Bengali,True
U02489,Rajata Naidu,23,Male,Indore,Madhya Pradesh,P2,2024-12-04,Hindi,True
U02490,Ryan Krishna,22,Other,Chennai,Tamil Nadu,P2,2025-10-03,Tamil,False
U02491,Charvi Mody,47,Other,Bhopal,Madhya Pradesh,P2,2023-01-30,Hindi,False
U02492,Qadim Prashad,20,Male,Lucknow,Uttar Pradesh,P2,2022-11-18,Hindi,True
U02493,Gopal Devi,55,Female,Bengaluru,Karnataka,P3,2025-09-01,Punjabi,True
U02494,Yahvi Parmar,53,Female,Guwahati,Assam,P1,2024-08-23,Tamil,True
U02495,Unnati Salvi,18,Male,Ahmedabad,Gujarat,P2,2024-05-30,English,True
U02496,Ayaan Bala,27,Other,Patna,Bihar,P1,2026-05-20,Bengali,True
U02497,Gaurang Dey,63,Male,Delhi,Delhi,P2,2026-05-14,Bengali,True
U02498,Xavier Vala,16,Female,Patna,Bihar,P1,2024-12-30,Tamil,True
U02499,Chatresh Ramaswamy,19,Other,Surat,Gujarat,P2,2024-01-12,English,True
U02500,Turvi Vasa,58,Male,Mumbai,Maharashtra,P2,2023-01-15,Hindi,True
U02501,Frado Bhakta,41,Other,Bhubaneswar,Odisha,P3,2024-05-18,English,True
U02502,Gauri Chatterjee,46,Other,Coimbatore,Tamil Nadu,P2,2023-08-14,Hindi,True
U02503,Garima Bhat,35,Male,Chandigarh,Punjab,P3,2025-10-28,Telugu,True
U02504,Samarth Varty,22,Male,Pune,Maharashtra,P2,2023-01-09,Bengali,True
U02505,Laban Kapoor,52,Other,Delhi,Delhi,P2,2023-02-11,Punjabi,True
U02506,Charvi Mukhopadhyay,22,Male,Coimbatore,Tamil Nadu,P4,2026-02-12,Hindi,False
U02507,Vedhika Iyer,64,Female,Chandigarh,Punjab,P1,2025-05-31,Telugu,True
U02508,Michael Dara,17,Male,Chennai,Tamil Nadu,P2,2022-12-30,Tamil,True
U02509,Samarth Chawla,58,Male,Patna,Bihar,P4,2024-08-13,Bengali,True
U02510,Mahika Bhakta,17,Female,Nagpur,Maharashtra,P4,2024-06-07,Marathi,True
U02511,Nidhi Sule,36,Male,Bhubaneswar,Odisha,P4,2026-03-29,Hindi,True
U02512,Abha Sarna,20,Male,Hyderabad,Telangana,P2,2026-06-20,Malayalam,True
U02513,Rachana Dhingra,16,Female,Bhopal,Madhya Pradesh,P2,2025-12-22,Bengali,True
U02514,Lucky Khosla,37,Female,Bhubaneswar,Odisha,P1,2025-01-30,Tamil,True
U02515,Vamakshi Srinivasan,58,Other,Kochi,Kerala,P2,2023-03-22,English,False
U02516,Waida Pillai,16,Female,Nagpur,Maharashtra,P3,2023-09-12,Malayalam,True
U02517,Libni Chhabra,52,Male,Kolkata,West Bengal,P2,2025-03-17,Telugu,True
U02518,Manbir Bala,31,Other,Surat,Gujarat,P2,2024-05-23,Kannada,True
U02519,Lopa Apte,49,Female,Patna,Bihar,P4,2023-09-03,Hindi,True
U02520,Sai Basak,48,Other,Ahmedabad,Gujarat,P1,2024-11-10,Telugu,True
U02521,Liam Sidhu,37,Male,Guwahati,Assam,P2,2026-03-03,English,True
U02522,Aradhana Andra,44,Other,Guwahati,Assam,P2,2026-01-25,Hindi,True
U02523,Xiti Thakur,22,Other,Bhubaneswar,Odisha,P3,2026-06-19,English,True
U02524,Yochana Bhatnagar,36,Male,Pune,Maharashtra,P3,2023-05-19,Telugu,True
U02525,Indira Nori,58,Other,Ahmedabad,Gujarat,P1,2023-03-27,Marathi,True
U02526,Arya Mitter,50,Male,Lucknow,Uttar Pradesh,P1,2024-05-17,Hindi,True
U02527,Veda Puri,19,Female,Ahmedabad,Gujarat,P2,2026-03-26,Gujarati,True
U02528,Yashica Vora,27,Male,Surat,Gujarat,P2,2026-05-22,Bengali,False
U02529,Ijaya Raval,43,Other,Kolkata,West Bengal,P1,2023-07-29,Punjabi,True
U02530,Nathan Kata,45,Female,Delhi,Delhi,P2,2022-10-22,Malayalam,False
U02531,Xalak Soni,61,Female,Bhopal,Madhya Pradesh,P1,2022-12-04,Marathi,False
U02532,Warjas Cheema,30,Other,Coimbatore,Tamil Nadu,P1,2023-10-31,Tamil,True
U02533,Leena Salvi,56,Other,Mumbai,Maharashtra,P2,2026-02-19,Hindi,True
U02534,Zashil Contractor,44,Other,Delhi,Delhi,P2,2026-03-24,Marathi,True
U02535,Riya Prasad,30,Male,Surat,Gujarat,P2,2022-09-08,Hindi,False
U02536,Owen Nagi,26,Male,Guwahati,Assam,P3,2024-12-18,Bengali,True
U02537,Krishna Deol,31,Male,Kochi,Kerala,P1,2022-12-20,Bengali,True
U02538,Rohan Krishnan,30,Other,Hyderabad,Telangana,P1,2026-06-29,Hindi,False
U02539,Umang Jaggi,26,Female,Nagpur,Maharashtra,P3,2024-07-02,English,True
U02540,Rehaan Chadha,22,Other,Kochi,Kerala,P3,2025-07-04,English,True
U02541,Samar Bandi,34,Male,Delhi,Delhi,P3,2024-11-12,Telugu,True
U02542,Jagvi Reddy,17,Other,Chandigarh,Punjab,P2,2025-10-11,English,False
U02543,Harini Goyal,30,Female,Kolkata,West Bengal,P2,2024-10-23,Telugu,True
U02544,Ranveer Johal,44,Other,Lucknow,Uttar Pradesh,P1,2025-04-07,Hindi,True
U02545,Xiti Pandey,59,Male,Bhopal,Madhya Pradesh,P1,2024-10-26,Hindi,True
U02546,Ekalinga Sarna,37,Male,Lucknow,Uttar Pradesh,P1,2023-12-18,English,True
U02547,Ekavir Brar,42,Other,Indore,Madhya Pradesh,P2,2024-03-31,Kannada,False
U02548,Harrison Dalal,54,Other,Chennai,Tamil Nadu,P2,2023-01-17,English,True
U02549,Ganga Bajaj,19,Other,Nagpur,Maharashtra,P2,2024-07-13,Telugu,True
U02550,Zayan Ramakrishnan,34,Male,Bhopal,Madhya Pradesh,P1,2023-06-08,English,True
U02551,Nakul Mani,54,Other,Ahmedabad,Gujarat,P1,2025-05-08,Bengali,True
U02552,Zarna Tella,58,Female,Pune,Maharashtra,P2,2022-11-02,Telugu,True
U02553,Indrajit Sinha,15,Other,Mumbai,Maharashtra,P3,2023-10-15,Kannada,True
U02554,Ayushman Bali,44,Female,Chandigarh,Punjab,P2,2026-04-14,Tamil,False
U02555,Sai Natt,35,Other,Indore,Madhya Pradesh,P1,2023-11-21,Punjabi,False
U02556,Liam Jayaraman,34,Male,Coimbatore,Tamil Nadu,P3,2026-02-02,English,True
U02557,David Keer,20,Other,Ahmedabad,Gujarat,P1,2024-09-22,Hindi,False
U02558,Hiral Bobal,36,Other,Ahmedabad,Gujarat,P1,2024-07-06,Telugu,True
U02559,Varenya Dayal,32,Female,Bhubaneswar,Odisha,P1,2026-05-03,Hindi,True
U02560,Hemang Banik,22,Male,Bengaluru,Karnataka,P4,2023-08-15,Telugu,True
U02561,Inaya Sankar,53,Other,Ahmedabad,Gujarat,P1,2024-07-10,Telugu,True
U02562,Ansh Bhakta,46,Other,Delhi,Delhi,P1,2024-06-12,Hindi,True
U02563,Ladli Badami,47,Male,Surat,Gujarat,P1,2022-08-23,Hindi,True
U02564,Lila Purohit,30,Other,Bhubaneswar,Odisha,P2,2024-09-30,Hindi,True
U02565,Prisha Devi,26,Female,Hyderabad,Telangana,P2,2025-04-27,Bengali,True
U02566,Jhalak Pandey,52,Male,Bhubaneswar,Odisha,P3,2022-12-31,English,True
U02567,Dalbir Khanna,48,Male,Jaipur,Rajasthan,P2,2023-04-24,English,True
U02568,Utkarsh Sachar,28,Female,Lucknow,Uttar Pradesh,P4,2023-06-20,English,True
U02569,Alexander Krish,50,Other,Kochi,Kerala,P1,2025-07-12,Telugu,True
U02570,Dakshesh Date,47,Male,Hyderabad,Telangana,P4,2025-10-15,Telugu,True
U02571,Caleb Murthy,37,Male,Indore,Madhya Pradesh,P2,2024-04-16,Hindi,True
U02572,Brinda Dayal,64,Female,Lucknow,Uttar Pradesh,P1,2023-12-08,English,True
U02573,Jason Bose,59,Male,Kolkata,West Bengal,P1,2024-12-17,Bengali,True
U02574,Warda Parikh,16,Other,Indore,Madhya Pradesh,P1,2022-11-04,Telugu,True
U02575,Sachi Mittal,55,Other,Bhubaneswar,Odisha,P1,2026-02-16,Hindi,True
U02576,Yash Vyas,35,Male,Bhopal,Madhya Pradesh,P3,2026-04-21,Tamil,True
U02577,Yahvi Chawla,16,Other,Indore,Madhya Pradesh,P4,2026-02-09,Tamil,True
U02578,Vedika Mammen,41,Female,Jaipur,Rajasthan,P1,2022-10-02,Telugu,False
U02579,Vihaan Mody,23,Female,Lucknow,Uttar Pradesh,P2,2022-11-07,English,True
U02580,Jason Pradhan,15,Female,Kochi,Kerala,P2,2025-07-03,Telugu,True
U02581,Balendra Keer,25,Female,Mumbai,Maharashtra,P3,2025-06-09,Hindi,True
U02582,Ishaan Bail,17,Female,Chennai,Tamil Nadu,P4,2025-05-01,Hindi,True
U02583,Anamika Mall,37,Female,Pune,Maharashtra,P2,2024-07-13,English,True
U02584,Frado Bhasin,40,Female,Kochi,Kerala,P2,2024-11-21,English,True
U02585,Warhi Bahl,18,Other,Pune,Maharashtra,P3,2023-08-27,Telugu,False
U02586,Sachi Basu,32,Male,Hyderabad,Telangana,P1,2025-12-27,English,True
U02587,Qarin Sankar,20,Male,Guwahati,Assam,P2,2023-06-08,Bengali,True
U02588,Azad Pall,49,Other,Nagpur,Maharashtra,P1,2024-08-31,Tamil,True
U02589,Adweta Kalita,36,Female,Delhi,Delhi,P2,2026-04-15,Telugu,True
U02590,Radha Sane,57,Male,Lucknow,Uttar Pradesh,P1,2025-07-26,Kannada,True
U02591,Ikbal Rama,29,Male,Patna,Bihar,P3,2025-09-01,Tamil,True
U02592,Ubika Samra,36,Male,Coimbatore,Tamil Nadu,P1,2026-05-07,English,True
U02593,Nicholas Raj,51,Female,Jaipur,Rajasthan,P2,2024-10-29,Bengali,True
U02594,Kevin Aurora,56,Other,Bengaluru,Karnataka,P3,2024-05-28,Bengali,True
U02595,Frederick Krish,26,Female,Chandigarh,Punjab,P4,2023-08-30,Bengali,True
U02596,Geetika Rana,61,Female,Kochi,Kerala,P2,2025-08-15,English,True
U02597,Janaki Luthra,63,Other,Jaipur,Rajasthan,P1,2022-09-10,Marathi,True
U02598,Jeet Mohanty,56,Female,Patna,Bihar,P2,2025-03-05,Bengali,False
U02599,Aishani Gola,52,Other,Delhi,Delhi,P4,2024-10-23,English,True
U02600,Ria Andra,32,Female,Delhi,Delhi,P4,2024-04-24,Bengali,True
U02601,Varsha Kamdar,59,Male,Guwahati,Assam,P1,2024-05-27,Bengali,True
U02602,Aradhana Murthy,49,Other,Coimbatore,Tamil Nadu,P3,2024-03-03,Hindi,True
U02603,Pranit Kuruvilla,44,Female,Bengaluru,Karnataka,P2,2026-05-08,Tamil,False
U02604,Aashi Talwar,38,Female,Bengaluru,Karnataka,P3,2025-08-08,Malayalam,True
U02605,Manan Bawa,56,Male,Chennai,Tamil Nadu,P2,2023-01-17,Hindi,True
U02606,Qarin Toor,44,Other,Surat,Gujarat,P2,2023-06-20,Bengali,False
U02607,Benjamin Kari,28,Female,Mumbai,Maharashtra,P2,2025-12-24,Hindi,False
U02608,Aarini Babu,20,Female,Mumbai,Maharashtra,P1,2022-10-12,English,True
U02609,Chaitanya Keer,17,Female,Ahmedabad,Gujarat,P2,2025-04-02,Telugu,True
U02610,Yashica Sawhney,30,Other,Pune,Maharashtra,P3,2023-12-08,Marathi,False
U02611,Warjas Jani,21,Male,Guwahati,Assam,P1,2022-12-28,Hindi,True
U02612,Ojasvi Bora,28,Male,Mumbai,Maharashtra,P2,2023-11-03,Bengali,True
U02613,Luke Bakshi,23,Female,Bengaluru,Karnataka,P1,2025-02-07,Marathi,True
U02614,Gautami Reddy,29,Female,Pune,Maharashtra,P1,2023-11-05,Gujarati,True
U02615,Upma Menon,35,Male,Pune,Maharashtra,P3,2026-02-16,Hindi,False
U02616,Jyoti Basu,49,Female,Surat,Gujarat,P1,2025-01-09,Hindi,False
U02617,Atharv Cherian,16,Female,Pune,Maharashtra,P2,2023-09-13,English,True
U02618,Yasti Trivedi,41,Male,Bhopal,Madhya Pradesh,P2,2024-12-21,Hindi,True
U02619,Tanveer Radhakrishnan,16,Male,Guwahati,Assam,P2,2025-09-02,Hindi,True
U02620,Mason Raj,49,Female,Nagpur,Maharashtra,P2,2025-11-10,Bengali,True
U02621,Faras Kapur,32,Male,Pune,Maharashtra,P1,2025-08-03,Bengali,True
U02622,Jairaj Wable,28,Female,Jaipur,Rajasthan,P2,2024-10-19,Hindi,True
U02623,Zinal Sastry,34,Male,Patna,Bihar,P2,2025-09-24,English,False
U02624,Chaaya Kohli,32,Other,Bengaluru,Karnataka,P2,2023-10-22,English,False
U02625,Vihaan Shah,24,Female,Bengaluru,Karnataka,P2,2023-11-08,Kannada,True
U02626,Wridesh Saxena,39,Female,Jaipur,Rajasthan,P2,2023-10-18,Hindi,False
U02627,Janaki Buch,16,Male,Kolkata,West Bengal,P2,2025-06-20,Telugu,True
U02628,Janaki Sule,39,Male,Nagpur,Maharashtra,P3,2023-12-12,Tamil,True
U02629,Omya Karpe,47,Female,Lucknow,Uttar Pradesh,P2,2024-12-16,Malayalam,True
U02630,Yash Reddy,50,Male,Kolkata,West Bengal,P4,2024-10-24,Bengali,True
U02631,Abha Mangat,45,Male,Kolkata,West Bengal,P2,2025-03-26,Bengali,True
U02632,Finn Rege,28,Other,Pune,Maharashtra,P1,2023-11-27,English,False
U02633,Warda Hora,15,Male,Bhubaneswar,Odisha,P1,2024-03-22,English,False
U02634,Alexander Ganesan,60,Male,Delhi,Delhi,P2,2026-02-19,Kannada,True
U02635,Upma Chaudhuri,30,Other,Bhopal,Madhya Pradesh,P3,2023-01-08,Telugu,True
U02636,Raagini Bajwa,60,Male,Mumbai,Maharashtra,P1,2023-01-16,Hindi,False
U02637,Kevin Varma,17,Female,Hyderabad,Telangana,P4,2025-04-19,Gujarati,False
U02638,Pahal Pandya,49,Other,Coimbatore,Tamil Nadu,P2,2026-01-02,Bengali,True
U02639,Chaaya Dani,55,Female,Nagpur,Maharashtra,P2,2023-01-18,Hindi,True
U02640,Hritik Bath,20,Other,Chandigarh,Punjab,P4,2023-11-20,Bengali,True
U02641,Saumya Rege,39,Male,Guwahati,Assam,P1,2022-10-31,Telugu,True
U02642,Bimala Sood,27,Male,Chennai,Tamil Nadu,P1,2025-01-22,Bengali,True
U02643,Yashodhara Chacko,48,Male,Lucknow,Uttar Pradesh,P3,2025-05-03,Hindi,True
U02644,Kala Setty,22,Female,Lucknow,Uttar Pradesh,P1,2023-02-23,Bengali,True
U02645,Patrick Trivedi,35,Female,Guwahati,Assam,P4,2024-01-21,Bengali,True
U02646,Gunbir Kata,48,Male,Patna,Bihar,P2,2025-06-05,Tamil,False
U02647,Chanakya Vasa,18,Female,Delhi,Delhi,P2,2023-09-23,Tamil,True
U02648,Bhavika Naidu,39,Other,Kolkata,West Bengal,P1,2026-02-15,Hindi,True
U02649,Luke Barman,29,Male,Kolkata,West Bengal,P2,2024-01-28,Tamil,True
U02650,Qushi Venkataraman,18,Other,Chandigarh,Punjab,P1,2025-10-17,English,False
U02651,Hardik Palan,59,Other,Surat,Gujarat,P2,2023-08-26,English,True
U02652,Bhavna Mahal,26,Female,Indore,Madhya Pradesh,P4,2023-09-05,Gujarati,True
U02653,Omkaar Mani,46,Female,Kochi,Kerala,P3,2024-06-25,Bengali,True
U02654,Hitesh Kata,46,Female,Hyderabad,Telangana,P2,2026-04-18,Bengali,True
U02655,Gopal Jhaveri,42,Male,Chandigarh,Punjab,P2,2025-03-15,Punjabi,True
U02656,Ayaan Baral,27,Male,Ahmedabad,Gujarat,P4,2024-09-29,Hindi,True
U02657,Abeer Suresh,45,Female,Chennai,Tamil Nadu,P3,2026-05-18,Telugu,True
U02658,Kala Jani,28,Other,Bengaluru,Karnataka,P4,2025-11-13,Hindi,False
U02659,Sai Verma,34,Other,Indore,Madhya Pradesh,P1,2023-08-31,Hindi,True
U02660,Chakrika Choudhary,32,Male,Chandigarh,Punjab,P2,2023-01-16,Telugu,True
U02661,Sai Sankaran,43,Female,Delhi,Delhi,P3,2025-05-27,Telugu,True
U02662,Laksh Mallick,20,Male,Indore,Madhya Pradesh,P1,2024-07-05,Hindi,True
U02663,Irya Brar,46,Other,Bhubaneswar,Odisha,P1,2025-06-18,Hindi,False
U02664,Falan Narain,43,Male,Bhubaneswar,Odisha,P2,2025-07-07,English,False
U02665,Anya Setty,57,Other,Bhopal,Madhya Pradesh,P1,2023-03-01,Punjabi,False
U02666,Divya Barad,16,Other,Surat,Gujarat,P1,2025-01-22,Marathi,True
U02667,Ranveer Banik,37,Other,Jaipur,Rajasthan,P2,2024-04-09,English,False
U02668,Yatan Devan,33,Male,Bhubaneswar,Odisha,P2,2026-05-02,Hindi,True
U02669,Rohan Lanka,45,Male,Chennai,Tamil Nadu,P2,2024-11-18,Bengali,True
U02670,Rachit Taneja,19,Male,Ahmedabad,Gujarat,P2,2024-06-01,Tamil,True
U02671,Gaurang Varty,33,Female,Pune,Maharashtra,P1,2023-09-01,Hindi,False
U02672,Aarush Saraf,48,Female,Jaipur,Rajasthan,P1,2025-12-19,Hindi,True
U02673,Pranav Barad,24,Male,Chennai,Tamil Nadu,P1,2022-10-22,Bengali,True
U02674,Lajita Keer,39,Other,Mumbai,Maharashtra,P2,2024-03-17,English,True
U02675,Pranit Mital,16,Other,Bhubaneswar,Odisha,P2,2025-02-01,English,False
U02676,Vedhika Suri,25,Female,Coimbatore,Tamil Nadu,P2,2025-11-25,Hindi,False
U02677,Ishanvi Srivastava,64,Male,Kochi,Kerala,P3,2025-09-22,English,False
U02678,Isaiah Mani,45,Female,Hyderabad,Telangana,P2,2023-09-20,Tamil,False
U02679,Eshana Kota,29,Male,Nagpur,Maharashtra,P3,2024-03-20,Telugu,True
U02680,Patrick Shetty,23,Female,Bhubaneswar,Odisha,P4,2025-03-09,Hindi,False
U02681,Idika Rao,37,Female,Nagpur,Maharashtra,P3,2026-05-13,English,True
U02682,Vrinda Sabharwal,33,Other,Jaipur,Rajasthan,P3,2025-05-10,English,True
U02683,Bina Loyal,23,Other,Indore,Madhya Pradesh,P1,2025-04-15,Malayalam,False
U02684,Darsh Naidu,49,Other,Bengaluru,Karnataka,P1,2024-07-26,Bengali,True
U02685,Nisha Raman,35,Female,Nagpur,Maharashtra,P1,2023-08-02,Bengali,True
U02686,Mohini Lad,23,Other,Nagpur,Maharashtra,P2,2025-10-09,English,True
U02687,Vedika Kanda,42,Male,Bhopal,Madhya Pradesh,P1,2026-03-09,Tamil,True
U02688,Darika Sem,60,Male,Hyderabad,Telangana,P2,2023-11-24,Punjabi,True
U02689,Samuel Choudhary,21,Other,Guwahati,Assam,P2,2024-03-05,English,True
U02690,Kai Zacharia,30,Female,Delhi,Delhi,P1,2026-04-30,Malayalam,True
U02691,Ladli Chana,30,Female,Indore,Madhya Pradesh,P1,2022-08-14,Malayalam,True
U02692,Ira Bhatnagar,47,Male,Patna,Bihar,P2,2025-08-29,Hindi,True
U02693,Janaki Wason,18,Female,Kochi,Kerala,P1,2025-02-26,Bengali,True
U02694,Meghana Karnik,18,Other,Jaipur,Rajasthan,P2,2023-05-01,English,False
U02695,Kashvi Narula,53,Male,Ahmedabad,Gujarat,P1,2023-09-12,English,True
U02696,Agastya Banik,54,Male,Jaipur,Rajasthan,P3,2024-03-10,Hindi,True
U02697,Yachana Rao,31,Other,Coimbatore,Tamil Nadu,P2,2025-12-02,English,True
U02698,Naksh Mandal,51,Male,Kolkata,West Bengal,P3,2025-09-14,English,True
U02699,Yug Bandi,53,Female,Ahmedabad,Gujarat,P1,2023-09-29,Hindi,True
U02700,Krishna Rattan,43,Female,Bhopal,Madhya Pradesh,P1,2023-08-18,Tamil,True
U02701,Frado Bose,50,Other,Pune,Maharashtra,P1,2023-01-23,Telugu,True
U02702,Anmol Aurora,52,Male,Surat,Gujarat,P3,2022-10-31,Marathi,True
U02703,Girish Raman,53,Female,Hyderabad,Telangana,P1,2025-07-05,Kannada,True
U02704,Ekiya Sandal,64,Other,Coimbatore,Tamil Nadu,P1,2023-04-25,Telugu,True
U02705,Chasmum Mahal,51,Male,Bengaluru,Karnataka,P1,2024-08-02,Bengali,False
U02706,Aishani Sinha,49,Male,Bhopal,Madhya Pradesh,P3,2024-05-16,Bengali,True
U02707,Girik Kapadia,21,Female,Bhopal,Madhya Pradesh,P1,2024-01-17,Hindi,False
U02708,Vasudha Mane,41,Male,Lucknow,Uttar Pradesh,P2,2026-05-28,English,True
U02709,Lavanya Badal,42,Male,Delhi,Delhi,P1,2026-03-03,Bengali,True
U02710,Kashish Chokshi,36,Other,Nagpur,Maharashtra,P1,2026-07-05,Gujarati,True
U02711,Mekhala Kata,28,Male,Ahmedabad,Gujarat,P2,2024-05-06,Hindi,True
U02712,Ikbal Mukhopadhyay,21,Female,Mumbai,Maharashtra,P3,2024-04-29,Malayalam,True
U02713,Girish Gara,51,Male,Coimbatore,Tamil Nadu,P4,2023-11-13,English,False
U02714,Zaid Chacko,36,Other,Guwahati,Assam,P2,2023-05-15,Kannada,False
U02715,Viraj Bhargava,19,Female,Jaipur,Rajasthan,P2,2023-02-07,Bengali,True
U02716,Nisha Mukhopadhyay,16,Male,Chandigarh,Punjab,P2,2025-08-10,English,True
U02717,Balhaar Nagy,41,Other,Chennai,Tamil Nadu,P1,2025-07-01,Hindi,True
U02718,Abdul Loyal,35,Other,Chennai,Tamil Nadu,P1,2025-04-17,Bengali,True
U02719,Xalak Munshi,52,Other,Hyderabad,Telangana,P3,2025-04-19,Hindi,True
U02720,Ekanta Shenoy,29,Male,Coimbatore,Tamil Nadu,P3,2026-05-17,Telugu,True
U02721,Henry Sandal,35,Female,Delhi,Delhi,P2,2025-05-16,Telugu,True
U02722,Joshua Arya,24,Female,Kolkata,West Bengal,P1,2025-05-02,Telugu,True
U02723,Ojas Hora,37,Other,Chandigarh,Punjab,P2,2023-03-09,Hindi,True
U02724,Balvan Samra,53,Female,Bengaluru,Karnataka,P4,2024-04-15,Telugu,False
U02725,Logan Sahota,19,Female,Mumbai,Maharashtra,P2,2024-07-08,English,True
U02726,Jacob Saran,15,Male,Chennai,Tamil Nadu,P4,2024-02-19,Bengali,True
U02727,Ekantika Prabhu,27,Other,Lucknow,Uttar Pradesh,P1,2026-07-09,Bengali,True
U02728,Lohit Mannan,35,Other,Patna,Bihar,P1,2024-10-16,Gujarati,True
U02729,Kamya Venkataraman,40,Male,Mumbai,Maharashtra,P4,2024-08-18,Bengali,True
U02730,Turvi Kade,64,Male,Hyderabad,Telangana,P3,2024-12-15,Tamil,True
U02731,Nitesh Viswanathan,59,Male,Kolkata,West Bengal,P2,2026-04-13,Punjabi,True
U02732,Advaith Nadkarni,35,Male,Kolkata,West Bengal,P3,2025-05-25,Tamil,True
U02733,Upma Bhavsar,32,Male,Hyderabad,Telangana,P1,2024-03-15,Marathi,True
U02734,Devika Guha,51,Female,Bhopal,Madhya Pradesh,P3,2026-07-06,Bengali,True
U02735,Tara Narayanan,59,Female,Kochi,Kerala,P1,2023-05-03,English,True
U02736,Naksh Bhavsar,46,Male,Jaipur,Rajasthan,P2,2022-12-01,English,True
U02737,Hemani Atwal,50,Other,Chandigarh,Punjab,P4,2023-12-10,Hindi,True
U02738,Bhavani Sandhu,31,Male,Hyderabad,Telangana,P2,2026-04-01,Kannada,True
U02739,Jhalak Rau,49,Female,Coimbatore,Tamil Nadu,P1,2024-11-15,Hindi,True
U02740,Faras Dua,63,Female,Indore,Madhya Pradesh,P1,2026-04-11,English,True
U02741,Ati Gokhale,25,Male,Guwahati,Assam,P2,2022-12-13,Marathi,True
U02742,Jonathan Vig,35,Other,Bhubaneswar,Odisha,P2,2023-08-04,Hindi,True
U02743,Ganga Malhotra,40,Other,Chennai,Tamil Nadu,P2,2024-11-20,Hindi,True
U02744,Shaurya Ganguly,18,Female,Kolkata,West Bengal,P2,2026-05-28,Hindi,True
U02745,Tarak Chand,48,Male,Coimbatore,Tamil Nadu,P3,2022-07-19,Bengali,True
U02746,Luke Gala,62,Other,Lucknow,Uttar Pradesh,P1,2026-04-04,Hindi,True
U02747,Ekiya Brahmbhatt,32,Other,Hyderabad,Telangana,P2,2024-06-09,Hindi,True
U02748,Laksh Vaidya,54,Other,Kochi,Kerala,P4,2026-02-13,Telugu,True
U02749,Urmi Narain,49,Other,Surat,Gujarat,P4,2025-10-07,Telugu,True
U02750,Wridesh Ramaswamy,55,Female,Chandigarh,Punjab,P1,2023-10-01,Hindi,True
U02751,Urvi Pant,43,Female,Chandigarh,Punjab,P1,2024-01-18,Malayalam,False
U02752,Farhan Kala,43,Other,Guwahati,Assam,P1,2023-10-14,Hindi,True
U02753,Luke Sarkar,52,Other,Indore,Madhya Pradesh,P2,2026-05-11,Telugu,True
U02754,Zashil Dara,56,Female,Coimbatore,Tamil Nadu,P2,2024-10-11,English,True
U02755,Ijaya Gokhale,35,Other,Pune,Maharashtra,P1,2024-10-08,English,True
U02756,Unnati Pal,56,Female,Bengaluru,Karnataka,P2,2022-08-21,Hindi,True
U02757,Rayaan Raja,27,Female,Bhubaneswar,Odisha,P2,2025-06-14,Gujarati,True
U02758,Rohan Sathe,63,Male,Delhi,Delhi,P2,2024-01-13,Hindi,True
U02759,Abdul Mukherjee,55,Other,Guwahati,Assam,P2,2023-12-25,Telugu,True
U02760,Zehaan Thakkar,31,Male,Delhi,Delhi,P2,2023-11-07,Punjabi,True
U02761,Bahadurjit Maharaj,23,Male,Chandigarh,Punjab,P4,2026-03-23,Malayalam,True
U02762,Caleb Kulkarni,55,Other,Patna,Bihar,P2,2025-02-07,Malayalam,True
U02763,Azaan Sinha,15,Male,Delhi,Delhi,P4,2023-08-20,Telugu,True
U02764,Vritti Ghose,16,Male,Ahmedabad,Gujarat,P2,2026-07-11,Bengali,True
U02765,Balvan Pingle,62,Male,Guwahati,Assam,P2,2024-06-06,Hindi,True
U02766,Peter Deep,43,Male,Hyderabad,Telangana,P4,2022-08-27,Kannada,True
U02767,Daksh Sawhney,47,Female,Kochi,Kerala,P4,2022-11-14,Malayalam,True
U02768,Dipta Chatterjee,24,Male,Bhopal,Madhya Pradesh,P1,2025-02-01,Tamil,True
U02769,Rishi Badal,64,Female,Jaipur,Rajasthan,P3,2025-12-20,Bengali,True
U02770,Omkaar Peri,54,Other,Lucknow,Uttar Pradesh,P1,2023-11-14,Bengali,True
U02771,Omaja Bhat,35,Female,Mumbai,Maharashtra,P2,2024-08-08,English,False
U02772,Amara Chacko,42,Female,Pune,Maharashtra,P3,2022-10-18,English,True
U02773,Anya Issac,25,Female,Bhopal,Madhya Pradesh,P1,2023-03-25,Hindi,True
U02774,Oscar Aggarwal,48,Male,Bengaluru,Karnataka,P2,2025-04-17,Hindi,True
U02775,Jacob Om,22,Female,Bengaluru,Karnataka,P1,2023-10-13,Hindi,True
U02776,Ubika Chakrabarti,36,Female,Bhopal,Madhya Pradesh,P1,2024-05-27,English,True
U02777,Qabil Chadha,22,Female,Hyderabad,Telangana,P3,2023-01-01,Malayalam,False
U02778,Omkaar Anne,63,Female,Bengaluru,Karnataka,P2,2023-04-13,Hindi,True
U02779,Triveni Bumb,29,Male,Delhi,Delhi,P2,2023-05-29,Hindi,True
U02780,Darika Halder,31,Other,Bhopal,Madhya Pradesh,P1,2026-01-17,Bengali,True
U02781,Dayita Bera,37,Other,Bhubaneswar,Odisha,P2,2025-07-11,Hindi,True
U02782,Pranav Mallick,38,Other,Delhi,Delhi,P2,2024-01-21,Bengali,True
U02783,Odika Kara,59,Male,Pune,Maharashtra,P2,2023-02-06,Telugu,False
U02784,Ryan Goel,33,Female,Kochi,Kerala,P3,2025-11-17,Marathi,True
U02785,Ria Lalla,19,Male,Pune,Maharashtra,P4,2026-06-15,English,True
U02786,Januja Palla,46,Male,Lucknow,Uttar Pradesh,P2,2022-11-28,Hindi,True
U02787,Onkar Bansal,58,Female,Surat,Gujarat,P1,2025-08-17,Hindi,True
U02788,Nachiket Yogi,15,Male,Indore,Madhya Pradesh,P1,2026-05-03,Hindi,False
U02789,Idika Mani,37,Male,Delhi,Delhi,P1,2024-10-23,English,True
U02790,Gautam Varghese,51,Other,Bhubaneswar,Odisha,P2,2023-05-15,Marathi,True
U02791,Tejas Sibal,22,Other,Chennai,Tamil Nadu,P4,2025-08-18,Hindi,True
U02792,Zansi Grewal,27,Female,Guwahati,Assam,P1,2023-08-01,Bengali,True
U02793,Ekantika Pradhan,22,Male,Ahmedabad,Gujarat,P3,2024-06-09,Telugu,True
U02794,Ekantika Cheema,37,Other,Nagpur,Maharashtra,P4,2024-10-16,English,True
U02795,Nathan Sama,57,Other,Bhopal,Madhya Pradesh,P2,2025-01-20,Hindi,True
U02796,Harish Grover,15,Other,Jaipur,Rajasthan,P1,2024-06-09,Telugu,False
U02797,Nicholas Sibal,59,Female,Chennai,Tamil Nadu,P2,2026-03-11,Hindi,True
U02798,Reva Shan,38,Female,Kolkata,West Bengal,P4,2024-09-21,Gujarati,False
U02799,Mohini Solanki,49,Female,Chandigarh,Punjab,P2,2024-11-29,Bengali,True
U02800,Kashvi Nazareth,38,Other,Surat,Gujarat,P2,2025-11-15,Malayalam,False
U02801,Charita Baria,31,Female,Chennai,Tamil Nadu,P3,2024-06-20,Hindi,True
U02802,Yashica Chokshi,19,Female,Patna,Bihar,P2,2026-06-03,English,True
U02803,Nandini Balakrishnan,34,Other,Chandigarh,Punjab,P1,2024-03-22,English,True
U02804,Charita Viswanathan,35,Other,Pune,Maharashtra,P1,2023-03-12,Hindi,True
U02805,Kalpit Nath,54,Female,Bhubaneswar,Odisha,P2,2023-05-01,Telugu,True
U02806,Gautam More,45,Female,Patna,Bihar,P2,2025-09-10,Hindi,True
U02807,Hiral Shanker,60,Female,Hyderabad,Telangana,P2,2025-09-16,English,False
U02808,Aadi Divan,50,Male,Bhubaneswar,Odisha,P2,2024-02-14,Hindi,True
U02809,Charvi Mohanty,25,Other,Kolkata,West Bengal,P2,2023-05-04,English,False
U02810,Samar Sarkar,29,Female,Mumbai,Maharashtra,P2,2022-11-10,Telugu,True
U02811,Mitesh Prasad,33,Other,Guwahati,Assam,P3,2022-11-24,English,True
U02812,Hemangini Chaudhry,21,Female,Pune,Maharashtra,P1,2022-07-23,Telugu,False
U02813,Simon Sodhi,42,Female,Chennai,Tamil Nadu,P3,2024-06-02,English,False
U02814,Xavier Char,57,Other,Bhubaneswar,Odisha,P2,2025-03-18,Kannada,True
U02815,Kiaan Ratta,19,Male,Bengaluru,Karnataka,P1,2024-02-02,Marathi,False
U02816,Panini Ramesh,19,Female,Kochi,Kerala,P3,2025-08-18,Marathi,True
U02817,Vrinda Bala,44,Female,Chennai,Tamil Nadu,P4,2024-09-03,Malayalam,True
U02818,Wahab Pillay,46,Female,Kochi,Kerala,P2,2023-06-04,Telugu,True
U02819,Mitali Brahmbhatt,22,Other,Lucknow,Uttar Pradesh,P1,2023-12-27,Hindi,False
U02820,Xalak Guha,24,Other,Kolkata,West Bengal,P2,2025-02-13,Kannada,True
U02821,Radhika Chander,52,Female,Coimbatore,Tamil Nadu,P2,2022-09-18,Bengali,True
U02822,Pavani Dora,61,Other,Ahmedabad,Gujarat,P4,2023-11-24,Marathi,False
U02823,Vasana Banerjee,46,Male,Hyderabad,Telangana,P3,2023-09-05,Kannada,True
U02824,Praneel Gade,62,Male,Nagpur,Maharashtra,P1,2023-08-01,Tamil,False
U02825,Udyati Butala,42,Other,Chandigarh,Punjab,P4,2024-02-17,Tamil,True
U02826,Nidhi Arora,31,Other,Mumbai,Maharashtra,P4,2023-12-03,Telugu,False
U02827,Yashica Rajagopalan,45,Male,Bengaluru,Karnataka,P3,2023-03-08,Hindi,True
U02828,Vedika Ratti,22,Male,Bhopal,Madhya Pradesh,P4,2025-04-13,Gujarati,True
U02829,Chavvi Sandal,54,Female,Pune,Maharashtra,P4,2024-03-24,English,True
U02830,Shravya Thakkar,39,Female,Bengaluru,Karnataka,P2,2023-07-28,Hindi,False
U02831,Gautami Warrior,23,Female,Patna,Bihar,P4,2024-01-11,Malayalam,True
U02832,Praneel Samra,16,Male,Jaipur,Rajasthan,P4,2026-06-04,Telugu,False
U02833,Fariq Doctor,29,Other,Delhi,Delhi,P2,2024-08-30,English,True
U02834,Rudra Varma,64,Female,Patna,Bihar,P1,2022-07-26,Bengali,True
U02835,Radhika Bava,17,Female,Surat,Gujarat,P2,2025-10-15,Telugu,True
U02836,Jairaj Suri,63,Other,Bhubaneswar,Odisha,P1,2024-05-25,Hindi,True
U02837,Kala Krishnan,50,Male,Nagpur,Maharashtra,P2,2024-05-18,Bengali,True
U02838,Arjun Loke,18,Other,Bhopal,Madhya Pradesh,P1,2024-03-28,Malayalam,True
U02839,Omisha Badal,28,Male,Patna,Bihar,P2,2023-04-03,Marathi,True
U02840,Balendra Choudhury,55,Female,Coimbatore,Tamil Nadu,P1,2024-04-28,English,False
U02841,Meghana Kothari,55,Female,Bengaluru,Karnataka,P3,2023-12-19,Malayalam,False
U02842,Jonathan Dhillon,39,Male,Mumbai,Maharashtra,P3,2023-03-29,Hindi,True
U02843,Anvi Pai,64,Male,Bengaluru,Karnataka,P1,2025-01-25,Bengali,False
U02844,Tara Baria,24,Other,Mumbai,Maharashtra,P2,2026-06-04,Bengali,False
U02845,Balvan Din,35,Other,Bhubaneswar,Odisha,P1,2022-11-04,Tamil,False
U02846,Lavanya Vala,50,Female,Surat,Gujarat,P2,2024-12-22,Bengali,True
U02847,Geetika Mittal,26,Male,Hyderabad,Telangana,P1,2026-06-17,Hindi,True
U02848,Qarin Kurian,41,Other,Bengaluru,Karnataka,P1,2024-03-24,Marathi,True
U02849,Rachita Dada,54,Other,Ahmedabad,Gujarat,P1,2025-06-04,Hindi,True
U02850,Chavvi Varkey,16,Male,Indore,Madhya Pradesh,P1,2025-09-17,Bengali,True
U02851,Chandran Prasad,27,Other,Kolkata,West Bengal,P2,2024-09-10,Bengali,False
U02852,Rajeshri Maharaj,46,Other,Delhi,Delhi,P2,2024-10-30,Hindi,True
U02853,Aradhana Thaker,45,Other,Pune,Maharashtra,P1,2025-07-11,Tamil,True
U02854,Pratyush Mane,30,Male,Hyderabad,Telangana,P2,2025-03-22,Hindi,False
U02855,Sarthak Bahl,46,Other,Ahmedabad,Gujarat,P1,2023-08-18,Malayalam,True
U02856,Anvi Loke,46,Female,Patna,Bihar,P2,2025-08-31,Hindi,True
U02857,Gunbir Kant,48,Other,Chandigarh,Punjab,P2,2024-05-21,Hindi,False
U02858,Timothy Bhatt,25,Male,Jaipur,Rajasthan,P1,2023-06-09,Hindi,True
U02859,Osha Narasimhan,24,Male,Chandigarh,Punjab,P4,2024-12-25,Tamil,True
U02860,Advik Oza,29,Other,Bengaluru,Karnataka,P2,2024-09-14,English,False
U02861,Sai Doshi,31,Female,Bengaluru,Karnataka,P1,2023-11-25,Bengali,True
U02862,Shivansh Walia,54,Other,Bengaluru,Karnataka,P2,2024-05-20,Malayalam,True
U02863,Aadhya Rau,32,Female,Nagpur,Maharashtra,P2,2025-04-30,Bengali,True
U02864,Vidhi Pai,23,Male,Pune,Maharashtra,P1,2022-09-01,Hindi,True
U02865,Daksha Manne,39,Female,Surat,Gujarat,P3,2022-11-14,Marathi,False
U02866,Unni Balan,54,Female,Bhopal,Madhya Pradesh,P2,2025-07-17,Telugu,True
U02867,Indira Sankar,28,Male,Bhopal,Madhya Pradesh,P2,2023-02-28,Kannada,True
U02868,Bhanumati Swaminathan,39,Other,Bhopal,Madhya Pradesh,P4,2024-03-13,Hindi,True
U02869,Karan Radhakrishnan,64,Other,Patna,Bihar,P3,2026-06-30,Kannada,True
U02870,Gunbir Randhawa,36,Male,Kolkata,West Bengal,P1,2024-12-19,English,True
U02871,Bimala Gokhale,44,Female,Kochi,Kerala,P1,2023-05-30,English,True
U02872,Nilima Pandey,34,Male,Coimbatore,Tamil Nadu,P1,2025-12-30,Telugu,True
U02873,Arya Nagarajan,35,Male,Patna,Bihar,P2,2025-07-17,Telugu,True
U02874,Eesha Thakkar,58,Male,Chandigarh,Punjab,P4,2025-08-14,Marathi,True
U02875,Umang Raval,46,Male,Bhubaneswar,Odisha,P1,2024-09-05,Telugu,True
U02876,Bhavini Sengupta,60,Male,Pune,Maharashtra,P2,2024-07-07,Marathi,True
U02877,Mugdha Mani,63,Other,Kochi,Kerala,P2,2023-03-02,Tamil,True
U02878,Ucchal Gera,35,Female,Bhubaneswar,Odisha,P1,2022-07-20,English,True
U02879,Leela Sahota,49,Female,Chennai,Tamil Nadu,P2,2025-04-09,Hindi,True
U02880,Ranbir Balakrishnan,46,Female,Patna,Bihar,P1,2026-06-08,Bengali,False
U02881,Yahvi Buch,44,Female,Kochi,Kerala,P2,2025-01-05,Bengali,True
U02882,Arin Nair,53,Other,Guwahati,Assam,P3,2024-12-07,Hindi,True
U02883,Urmi Chand,63,Other,Kochi,Kerala,P3,2024-12-22,Punjabi,True
U02884,Lopa Vaidya,26,Male,Guwahati,Assam,P2,2026-05-06,Telugu,True
U02885,Tanvi Pillay,55,Male,Mumbai,Maharashtra,P1,2025-12-28,English,True
U02886,Parth Sodhi,61,Female,Kochi,Kerala,P1,2025-06-06,Telugu,False
U02887,Ekantika Deo,32,Female,Jaipur,Rajasthan,P1,2026-04-15,Bengali,True
U02888,Samuel Shenoy,35,Female,Jaipur,Rajasthan,P2,2023-09-17,Malayalam,True
U02889,Wyatt Goel,27,Male,Ahmedabad,Gujarat,P1,2024-05-16,English,False
U02890,Garima Dutta,35,Female,Nagpur,Maharashtra,P2,2026-06-06,Marathi,True
U02891,Abhimanyu Bali,22,Other,Kochi,Kerala,P2,2023-07-08,Hindi,True
U02892,Zinal Singhal,60,Other,Pune,Maharashtra,P4,2025-04-07,Tamil,True
U02893,Omisha Lad,54,Male,Delhi,Delhi,P2,2025-12-26,Telugu,True
U02894,Arjun Sarna,60,Female,Ahmedabad,Gujarat,P3,2026-01-26,Bengali,False
U02895,Brinda Rao,21,Male,Lucknow,Uttar Pradesh,P1,2024-06-17,English,True
U02896,Januja Ratta,37,Female,Patna,Bihar,P1,2025-11-07,Bengali,False
U02897,Priya Dash,58,Other,Surat,Gujarat,P2,2025-05-27,Hindi,True
U02898,Isaac Gara,46,Female,Kochi,Kerala,P1,2022-12-14,Telugu,True
U02899,Lucky Kibe,25,Male,Bhubaneswar,Odisha,P2,2024-01-02,Tamil,True
U02900,Aishani Chatterjee,36,Female,Mumbai,Maharashtra,P1,2025-09-20,Telugu,True
U02901,Tara Swamy,36,Female,Kochi,Kerala,P3,2023-11-10,Telugu,True
U02902,Hema Merchant,57,Female,Kochi,Kerala,P2,2025-07-19,Tamil,True
U02903,Shravya Kuruvilla,39,Other,Lucknow,Uttar Pradesh,P1,2025-04-17,Hindi,True
U02904,Logan Divan,36,Male,Chennai,Tamil Nadu,P2,2024-10-23,Hindi,True
U02905,Timothy Prabhakar,42,Male,Kolkata,West Bengal,P4,2024-08-16,Hindi,True
U02906,Damyanti Dutt,43,Female,Chandigarh,Punjab,P1,2024-10-16,English,True
U02907,Vaishnavi Sarraf,27,Other,Bhopal,Madhya Pradesh,P2,2024-10-22,English,True
U02908,Kabir Din,32,Male,Chennai,Tamil Nadu,P2,2025-03-25,Malayalam,True
U02909,Aarini Kari,16,Female,Hyderabad,Telangana,P3,2024-12-19,Hindi,True
U02910,Chavvi Divan,43,Other,Coimbatore,Tamil Nadu,P1,2022-08-25,Malayalam,True
U02911,Januja Trivedi,35,Male,Delhi,Delhi,P1,2024-11-15,Marathi,False
U02912,Vansha Garde,29,Female,Chennai,Tamil Nadu,P2,2025-07-09,English,True
U02913,Yachana Murthy,41,Female,Bhopal,Madhya Pradesh,P1,2026-06-05,Telugu,True
U02914,Vedhika Gara,64,Male,Patna,Bihar,P2,2024-08-18,Hindi,True
U02915,Parth Sule,45,Male,Ahmedabad,Gujarat,P2,2026-01-08,English,True
U02916,Dhruv Oommen,29,Male,Chandigarh,Punjab,P2,2026-02-15,English,True
U02917,Udarsh Doctor,37,Other,Mumbai,Maharashtra,P4,2023-06-09,Tamil,True
U02918,Ronith Parikh,38,Male,Chandigarh,Punjab,P2,2023-08-26,Malayalam,True
U02919,Vedant Jain,58,Female,Jaipur,Rajasthan,P1,2024-07-13,Kannada,True
U02920,Mohini Chaudhary,27,Female,Lucknow,Uttar Pradesh,P2,2023-12-29,Tamil,True
U02921,Anika Warrior,36,Male,Indore,Madhya Pradesh,P3,2026-05-06,Hindi,True
U02922,Daksh Sekhon,57,Male,Hyderabad,Telangana,P2,2025-12-03,Hindi,True
U02923,Yash Kunda,51,Other,Lucknow,Uttar Pradesh,P3,2024-10-20,Hindi,True
U02924,Yash Kari,47,Male,Lucknow,Uttar Pradesh,P2,2025-09-22,Tamil,True
U02925,Peter Baria,17,Male,Jaipur,Rajasthan,P1,2025-04-18,English,True
U02926,Arunima Chand,33,Male,Kolkata,West Bengal,P3,2026-06-15,Telugu,True
U02927,Kevin Virk,37,Female,Kochi,Kerala,P2,2025-07-05,Tamil,True
U02928,Vedant Kohli,43,Other,Nagpur,Maharashtra,P2,2023-10-01,English,False
U02929,Ucchal Chaudhari,44,Male,Ahmedabad,Gujarat,P1,2024-11-17,Kannada,False
U02930,Eiravati Bora,53,Male,Bhubaneswar,Odisha,P1,2024-09-07,Marathi,False
U02931,Riya Chacko,58,Other,Lucknow,Uttar Pradesh,P2,2023-04-28,Telugu,True
U02932,Tanveer Sur,61,Other,Delhi,Delhi,P2,2024-06-10,Hindi,True
U02933,Qushi Choudhury,39,Female,Chandigarh,Punjab,P1,2023-09-27,Tamil,True
U02934,Robert Shan,51,Female,Delhi,Delhi,P3,2025-06-01,Hindi,True
U02935,Niharika Madan,61,Other,Pune,Maharashtra,P1,2026-07-04,Bengali,True
U02936,Falguni Tripathi,22,Female,Mumbai,Maharashtra,P3,2024-07-04,Hindi,True
U02937,Chandani Lalla,56,Other,Ahmedabad,Gujarat,P2,2024-06-21,Bengali,True
U02938,Harita Maharaj,30,Female,Mumbai,Maharashtra,P2,2026-01-03,Hindi,True
U02939,Ria Choudhury,22,Other,Pune,Maharashtra,P1,2025-04-01,English,True
U02940,Vinaya Ahuja,15,Female,Patna,Bihar,P3,2026-06-12,Hindi,True
U02941,Warhi Gade,58,Female,Delhi,Delhi,P2,2023-10-25,Bengali,True
U02942,Daksha Chandra,19,Male,Pune,Maharashtra,P3,2023-04-03,Bengali,False
U02943,Hema Yohannan,17,Female,Pune,Maharashtra,P1,2026-03-28,Malayalam,False
U02944,Ikbal Kata,15,Female,Delhi,Delhi,P3,2025-10-29,Telugu,True
U02945,Ekaja Wali,18,Other,Ahmedabad,Gujarat,P2,2023-05-23,Hindi,True
U02946,Shivansh Dubey,54,Female,Bhubaneswar,Odisha,P2,2024-06-04,Telugu,True
U02947,Meghana Garg,49,Other,Chandigarh,Punjab,P2,2023-11-01,Hindi,True
U02948,Eshana Varty,46,Other,Chandigarh,Punjab,P2,2025-12-12,English,True
U02949,Amruta Karnik,56,Male,Chandigarh,Punjab,P3,2026-06-18,Malayalam,True
U02950,Chavvi Prabhakar,48,Female,Nagpur,Maharashtra,P2,2026-04-08,English,True
U02951,Irya Murty,57,Male,Bhubaneswar,Odisha,P1,2023-02-12,English,True
U02952,Maya Sahni,39,Other,Surat,Gujarat,P2,2024-05-03,Malayalam,True
U02953,Christopher Rege,24,Other,Delhi,Delhi,P1,2022-07-24,Hindi,True
U02954,Tanmayi Mahal,35,Other,Kolkata,West Bengal,P3,2023-12-14,Hindi,True
U02955,Sathvik Kunda,60,Female,Pune,Maharashtra,P3,2022-08-13,Hindi,True
U02956,Arjun Nagy,53,Other,Hyderabad,Telangana,P4,2023-09-19,Hindi,True
U02957,Eshana Iyengar,41,Other,Mumbai,Maharashtra,P1,2024-03-31,Bengali,True
U02958,Anusha Chhabra,41,Female,Ahmedabad,Gujarat,P2,2025-09-23,Telugu,True
U02959,Eshana Srinivasan,16,Female,Chandigarh,Punjab,P2,2022-11-01,Telugu,True
U02960,Chakradhar Ramakrishnan,55,Other,Ahmedabad,Gujarat,P2,2026-04-21,English,True
U02961,Zaid Mammen,62,Other,Hyderabad,Telangana,P1,2025-04-15,Telugu,False
U02962,Daniel Chaudhuri,27,Other,Pune,Maharashtra,P2,2026-06-26,Bengali,True
U02963,Anya Yogi,23,Female,Bengaluru,Karnataka,P2,2022-10-05,Hindi,True
U02964,Indrajit Sodhi,50,Male,Pune,Maharashtra,P2,2024-01-06,Marathi,True
U02965,Ekta Sachdev,36,Male,Mumbai,Maharashtra,P1,2023-01-28,Hindi,False
U02966,Chandani Iyengar,56,Female,Bengaluru,Karnataka,P1,2025-11-01,Marathi,True
U02967,Yatan Narang,40,Male,Chandigarh,Punjab,P2,2024-10-13,Bengali,True
U02968,Bishakha Bains,26,Female,Bhopal,Madhya Pradesh,P2,2024-10-29,English,True
U02969,Dipta Patel,31,Other,Nagpur,Maharashtra,P2,2023-02-06,Hindi,True
U02970,Tanish Gour,28,Female,Delhi,Delhi,P2,2026-02-27,Hindi,True
U02971,Triveni Pathak,28,Male,Bhopal,Madhya Pradesh,P3,2023-10-28,English,True
U02972,Aadhya Bajaj,48,Other,Chandigarh,Punjab,P4,2023-11-14,Telugu,True
U02973,Prisha Randhawa,34,Male,Delhi,Delhi,P4,2023-02-05,Telugu,True
U02974,Darpan Vala,25,Other,Bengaluru,Karnataka,P1,2025-10-05,Tamil,True
U02975,Azad Thaman,30,Male,Bhopal,Madhya Pradesh,P2,2024-01-12,Tamil,True
U02976,Vyanjana Mandal,45,Other,Kochi,Kerala,P1,2026-01-11,Malayalam,True
U02977,Faqid Chanda,20,Other,Patna,Bihar,P1,2024-11-01,Hindi,False
U02978,Nathan Varghese,33,Female,Mumbai,Maharashtra,P4,2026-06-08,Hindi,True
U02979,Upadhriti Halder,51,Female,Jaipur,Rajasthan,P2,2025-12-03,Bengali,True
U02980,Aradhana Shroff,18,Male,Delhi,Delhi,P1,2025-07-18,Bengali,True
U02981,Ganga Bora,61,Male,Surat,Gujarat,P1,2024-05-05,Hindi,True
U02982,Sudiksha Wable,18,Male,Patna,Bihar,P1,2023-04-07,Punjabi,True
U02983,Ansh Ratti,34,Male,Nagpur,Maharashtra,P2,2025-08-30,English,True
U02984,Madhavi Bahl,24,Male,Kolkata,West Bengal,P3,2024-11-01,English,True
U02985,Prisha Dora,38,Male,Guwahati,Assam,P3,2022-07-28,Bengali,True
U02986,Eta Walia,49,Male,Hyderabad,Telangana,P1,2023-07-29,Hindi,False
U02987,Isha Dua,40,Female,Bhubaneswar,Odisha,P2,2024-05-14,Telugu,True
U02988,Samuel Morar,51,Other,Patna,Bihar,P1,2023-04-17,Kannada,True
U02989,Balveer Datta,52,Female,Coimbatore,Tamil Nadu,P1,2023-04-07,Hindi,True
U02990,Falak Murty,35,Male,Patna,Bihar,P1,2024-09-12,English,False
U02991,Saksham Mitter,54,Other,Chandigarh,Punjab,P2,2026-04-02,Kannada,False
U02992,Viraj Kalla,53,Male,Chennai,Tamil Nadu,P1,2023-03-11,Hindi,True
U02993,Laksh Sarraf,35,Other,Pune,Maharashtra,P2,2025-08-17,English,True
U02994,Atharv Sawhney,24,Other,Bengaluru,Karnataka,P4,2023-01-11,Hindi,True
U02995,Lajita Bawa,52,Male,Coimbatore,Tamil Nadu,P1,2026-01-03,Hindi,True
U02996,Rushil Jha,60,Male,Bhopal,Madhya Pradesh,P1,2024-04-28,Telugu,True
U02997,Girik Gill,18,Other,Indore,Madhya Pradesh,P2,2025-08-15,Telugu,True
U02998,Nicholas Kadakia,59,Male,Chennai,Tamil Nadu,P1,2024-07-25,Malayalam,True
U02999,Ishita Nadig,34,Female,Pune,Maharashtra,P2,2023-01-07,Telugu,True
U03000,Gautam Tripathi,31,Other,Bhopal,Madhya Pradesh,P2,2024-03-13,Telugu,True
